"b1","b2","b3","b4","b2_b4"
0.0991804636545959,0.0198764181783551,0.0975999628190038,0.187560209450875,0.00372802515666547
0.31685894853124,0.0148506165042351,0.321418253628193,0.317245403963988,0.00471128983200033
0.545373026764038,0.0305424086358946,0.537501364077536,0.290147798151025,0.00886181261593368
0.274320789502783,0.0176365459458017,0.276921831810197,0.227147551400427,0.00400609822675
0.20347377165427,0.0434143181365082,0.20390589130163,0.110275211783318,0.00478752312693179
0.316635572308784,0.0215665552519258,0.317718309789469,0.330028450346898,0.00711757680911383
0.207410318389374,0.00743872097757925,0.226488779103421,0.318292657983835,0.00236769027195382
0.163308428965047,0.0549075310414267,0.148468314351649,0.317486339709079,0.0174323910528052
0.134143136717865,0.0229188565030142,0.13189456950142,0.298052497754596,0.00683102242640256
0.201046623703981,-0.00668264724746624,0.201248259622842,0.010377841707899,-6.93514553239314e-05
0.082807082242421,0.00112247564459224,0.0915905129979353,0.251910213510065,0.000282763079289079
0.13514880653419,0.014502440426498,0.131253401032634,0.176342040515352,0.00255738993726099
0.229860327658579,0.0429123159953842,0.232874805508247,0.126381416933719,0.00542331929940417
0.305432848752696,0.0218054977301279,0.308531071783144,0.187905379654385,0.00409737032953252
0.0564157548664885,-0.015925729611319,0.0642432176076253,0.223001894572797,-0.00355146787577823
0.247142103671807,0.0381561303646377,0.238841339203176,0.202501136270459,0.00772665975452292
0.217706566777538,0.0505423588768548,0.215019101003036,0.240628032924342,0.0121619083958937
0.0215008751266344,0.0289421775090166,0.0215075398237607,0.197995584481397,0.00573042335206208
0.343097594557708,0.0428170452311611,0.340757250905855,0.218988345556527,0.00937643389679095
0.187160918899868,0.00588952868019289,0.18690353746586,-0.0280254384211646,-0.000165056623356429
0.120419475545094,0.0107639829869118,0.118386699908043,-0.062554433133023,-0.000673334853999772
0.258812910126688,-0.00304975290513431,0.260734957411743,0.126495145503584,-0.000385778937484944
0.0647587658363245,0.00890264032807838,0.0757198768944545,0.207120725811775,0.00184392132639277
0.141327460437072,0.0202321688810414,0.140016335599965,-0.0905269775944758,-0.00183155709898169
0.198764195826118,0.0532492205563769,0.195822362179369,0.209064655571482,0.0111325299550688
0.297219991922165,0.00790539095077053,0.299805350153998,0.154316568048445,0.00121993280060415
0.232370263117724,0.0138366156887136,0.229052382612852,0.198806037023193,0.00275080273088609
0.20482093740493,0.00371084229034324,0.209254052014397,0.175935429480229,0.000652868632084935
0.268479978176967,0.0174258291511175,0.264483228046042,0.352718263182067,0.00614640819268961
0.259032506547831,0.0277074912760796,0.264613658269497,0.242568449830147,0.00672096320752094
0.270536360321048,0.0192802365311801,0.271477973567479,0.101054716576061,0.00194835883817782
0.225859820053365,0.00609291006336013,0.232263663225526,0.137909721171161,0.000840271527958959
0.30418941418358,0.0231251958704303,0.303821978182764,-0.0258707111553058,-0.000598265262773775
0.270330532950954,0.0108628153235397,0.27284771310724,0.111366077867573,0.00120974913718238
0.116087499389571,0.0368061379578727,0.112726864759389,0.226243815509603,0.00832716108576194
0.15905438389704,0.0383628842715647,0.158335162313111,0.0323151755822094,0.00123970334107559
0.295798113166457,0.026501025137375,0.294804533573918,0.128732099035301,0.00341153259252157
0.16308649776131,0.0190888959478251,0.170767774565203,0.201760686488888,0.00385138875074814
0.204080479785931,0.0409980805110592,0.197514184223615,0.263318807046705,0.0107955656513769
0.221357549252534,-0.0108675686404725,0.227246288625777,0.236134553297048,-0.00256620846634299
0.521581642142656,0.0273429495700672,0.525106106911638,0.284134187291481,0.00776906675424301
0.139748270013163,0.0328881594585746,0.141907694004856,0.508921958677848,0.0167375065289672
0.271696909150474,0.0316915718411257,0.258577049154429,0.298593779193997,0.00946290620463976
0.123135918072608,0.0117623459859944,0.123878022405924,-0.0388822254490232,-0.000457346188436846
0.108416837828607,0.0190234591427797,0.110688798880426,0.207330596392976,0.00394414512952992
0.174831542662306,0.0416137183278693,0.171913653832146,0.23524275394845,0.00978932570148305
0.367305686706315,0.00476603068174874,0.379897356491187,0.294930069747699,0.00140564576138783
0.144021276885555,0.0193287274905268,0.143056236527105,0.111402612151357,0.00215327073200642
0.260277177463712,0.0395186887656387,0.256190468179356,0.388888587067112,0.0153683670368142
0.229741572177381,0.0186909792731004,0.229041061162602,0.0661029133703084,0.00123552818369599
0.01417223862185,0.0109345517030428,0.0152779583293053,0.0990615601962253,0.00108319375174972
0.249662088928962,0.0172652147750939,0.254217957274711,0.150386040506314,0.00259644728851747
0.153360301219954,0.0263373876423043,0.15379616490248,0.0423838265503684,0.00111627926962124
0.0370461143128115,0.0278408722009391,0.0372289070624444,0.0529085550231451,0.00147302031873574
0.0673154128502451,0.0210675194412125,0.067412862024956,0.00699508756382078,0.000147369143243778
0.240052782980126,-0.00886917574439209,0.255657219893177,0.345819095187571,-0.00306713033098522
0.158381085553086,0.0112446018740154,0.165487351628937,0.14995025991799,0.00168613097368292
0.226890757856748,0.0184412799316825,0.227402214615459,0.161974400866524,0.00298701526814612
0.0100803532025029,0.0321021882487357,0.00871219459746683,0.0678652957326744,0.00217862449916643
0.317270441375507,0.0391112278795695,0.318638485967365,0.19480345339217,0.00761900225734824
0.230892453219328,0.0192418138082514,0.232454254358118,0.141462910246797,0.00272200297974226
0.0863690738716735,0.0237026668154591,0.0855915656430272,0.215468972308537,0.00510718925969862
0.199598933748107,0.0283341106034315,0.198932895690146,0.163917297820821,0.00464445084627075
0.194270783779646,0.0634669836063926,0.188578023774062,0.195283339072806,0.0123940444795354
0.0770081880668133,0.0118667260720443,0.0795041294231394,0.112813364404016,0.00133872529264817
0.357471653470852,0.0101128627731706,0.367806046460929,0.26052718486177,0.00263467566918753
0.264406077057801,0.0118720959185938,0.271245477868938,0.194980233135827,0.00231482403001832
0.0590735531602057,0.0325350665891011,0.0591675502452247,0.144152375436261,0.00469000713379584
0.153962075517785,0.0261368911893013,0.154139073174313,0.144106066081251,0.00376648456888393
0.37308483934723,0.0423390123402102,0.37105532696142,0.135510055411034,0.00573736190827036
0.103012072645523,-0.0124674212994551,0.103856935998566,0.0344780667984349,-0.000429852584366843
-0.0479756170293519,0.032452043001972,-0.0558441084596574,0.224507627088552,0.00728573116854841
0.135801036792024,0.0572332432801825,0.130698253670319,0.236728555099336,0.0135487429853664
0.197850245547876,0.0143557165723134,0.199047078400854,0.048208216016418,0.000692063485588553
0.137891614511501,0.0189676351957085,0.13861100186957,0.0991718360119174,0.00188105520716268
0.168218327469852,0.0465538526217027,0.166800789639769,0.187138637559627,0.00871202455277714
0.406682810841652,-0.00618956729029108,0.412490598296043,0.0970084388697011,-0.000600440260110104
0.39540738097943,-0.00403136113454194,0.410415867448133,0.316333378876864,-0.00127525408916252
0.144740438722571,0.0235221665055435,0.139180009438657,0.409467536767135,0.00963156357845129
0.293577653873052,0.0323724341935233,0.293514478896153,0.0728420762019813,0.00235807531836825
0.154400363933984,0.0173536984722711,0.157825216300248,0.147214541081517,0.0025547167566624
0.0953480189711001,0.0165783704900056,0.0948807932955343,-0.0790144782796673,-0.00130993129499483
0.0936172671405765,0.0295153773638998,0.0948156594845707,0.077489075437021,0.00228711930310337
0.144582337547933,0.0152790603246901,0.142050554270806,0.140624015940038,0.00214860282264803
0.220731361154041,0.0402517855003255,0.220564249745564,0.0475773193541781,0.00191507205332486
0.189644436569037,0.00527234963997154,0.191170557732851,0.112160617919894,0.000591349993508941
0.172131676084311,0.00315253596007038,0.175653056395723,0.0856082295834742,0.000269883022239863
-0.0651585482924651,0.0200853156395112,-0.0707873795507731,0.334592047733165,0.00672038688919102
0.362717042652257,0.0296669090455012,0.366479820740424,0.142045553748283,0.00421405252336817
0.187567970788234,0.0191379415639818,0.18745321033412,0.258380975406098,0.00494488000856653
0.232584139284941,0.00785556312653678,0.246166401594961,0.26519907365313,0.00208328806418124
0.192598096687842,-0.00202015829846303,0.197915530403482,0.178206841120963,-0.000360006028933395
0.100533362825672,-0.0146049862347835,0.0950472641996922,-0.0803081284010711,0.00117289910983887
0.184042243979661,0.0228296418459227,0.184744701661389,0.172295074920256,0.00393343485224588
0.067566167264103,0.00487899006928003,0.071878162863529,0.167485142091979,0.000817158345018718
0.200790185539538,-0.00542094043500457,0.214560352286795,0.177249410808164,-0.000960858498130714
0.0379167661128368,0.0403757699491575,0.0381660184499391,0.0870791548906796,0.00351588792523314
0.0716778653739312,0.0086435498194459,0.0745119095824733,0.14355664363913,0.00124083900120726
0.302742956948499,0.0210243163582427,0.309903813086694,0.382363084264836,0.00803892244729731
0.140554230588013,9.93958114167931e-05,0.150610201737721,0.12709063134409,1.26322764259183e-05
0.118363772071396,0.0364323758001475,0.119895952589905,0.185663526926815,0.00676416338537852
0.0605952670260418,-0.00131865758951968,0.05767956850685,0.231593403876131,-0.000305392399703956
0.0990596222855811,-0.00195417464031692,0.109377645005047,0.319483347819232,-0.000624326256311895
0.256779403910573,0.0279122411309884,0.258686915577753,0.0957977564482054,0.00267393007779001
0.308619631389011,0.0214512486936642,0.310282691952442,0.210137962802648,0.00450772170005956
0.235636794694457,0.0168948979360273,0.241907181428648,0.293609101389294,0.0049604958010608
0.00167656739120433,0.00158058004468853,0.00469613945433314,0.131399516991117,0.000207687454437872
0.159090299890754,0.0209785025429684,0.159603730147201,0.126176202478756,0.00264698778456268
0.168399915705111,0.0141290141062459,0.170677139520846,0.0829656648315458,0.00117222304873898
0.36538977790815,0.013878336143153,0.367528016238078,0.0538965908184937,0.000747995004349029
0.244145663693384,0.0313356603656852,0.243635318921161,0.090703741589978,0.00284226164036042
0.230296309733131,-0.0165995489634689,0.254660289964065,0.328508321219416,-0.00545308996298866
0.0159916065707016,0.0196342614992963,0.0140646456358608,0.205901670371632,0.00404272723921853
0.0339327459038478,-0.0127482829899629,0.0362882327021275,0.135250573612642,-0.00172421258696877
0.118092834907274,0.00971670997253433,0.119576083271306,0.0748585216425402,0.000727378543773247
0.0443440895144122,0.0188742552380272,0.0471613350403602,0.177486751010588,0.00334993023994201
0.0336701910680765,0.0426977800512445,0.0329554262547392,0.0726007831630044,0.00309989227104206
0.0421520676513099,0.00100649292546158,0.0356082138206864,0.27630437905317,0.000278098402791071
0.175737789551076,0.0423868324717907,0.171162221649095,0.330742283774173,0.0140191177736733
0.0784050743177509,0.034519198922152,0.0780455868429725,0.288040647767829,0.00994293241796321
-0.0134963586498141,0.000936194144552388,-0.00971325198190185,0.0572437675710865,5.35912800121691e-05
0.141031785022009,0.0356255859255021,0.141136264229626,0.129723051555809,0.0046214597197198
0.172744711931526,0.0376477480525902,0.170341727243796,0.178353841684344,0.00671462049594372
0.116418564428342,0.0246515661080444,0.115956213988077,0.123302407441383,0.00303959744832229
0.20625258934686,0.0072108280807918,0.206885127859727,0.0369648707757984,0.000266547328192967
0.106506508071014,0.0482050826540472,0.0974309970264986,0.228544429869045,0.0110170031319594
0.214492602778905,0.020864020749371,0.213504424272297,0.143068470387576,0.00298498353474715
0.146321771762856,-0.020140857290893,0.159256242286283,0.367600579490319,-0.00740379081156406
0.271763282836133,0.0158575979807973,0.272273887983013,0.0983791033763699,0.00156005627105378
0.299850140218461,0.0181182858740319,0.301287245572271,0.0636561589019224,0.00115334048462783
0.430242692904375,0.0420177031597641,0.425653798392227,0.246177085909295,0.0103437957204725
0.117706524274474,-0.0083269079825914,0.121555262128067,0.0509236653686075,-0.000424036675660671
0.214882650054489,0.00959421401853517,0.21814628814923,0.22313379762489,0.00214079340918171
0.269976264362169,0.0343656029426057,0.270404825618847,0.123625981217942,0.00424848138392582
0.00920954066440763,0.0211939828730154,0.00920612634505067,-0.00500801656521149,-0.00010613981731087
0.209541824366303,0.00225854690267404,0.211235408308151,0.058303024359347,0.000131680115083332
0.215292243482329,0.0127946074733842,0.214199998356795,0.07284506538773,0.00093202401800901
0.563456495348714,0.031219476865362,0.560491413157943,0.145231639253106,0.00453405580178094
0.339778553035434,0.0290185475326541,0.342781323655233,0.153799879087358,0.00446304910181295
0.0393382494098573,0.00312723239610362,0.0396508172693235,0.197781534793001,0.000618508822955767
0.155538635107232,0.0262770158159629,0.151921843352946,0.247130520817424,0.00649385260412659
0.440260470040228,0.00597629622444499,0.454349159291301,0.350989368559435,0.00209761643814208
0.125622204342967,0.017510976759353,0.128971038611412,0.311506874371789,0.00545478963750309
0.256677628155392,0.0182138785259852,0.256443578810037,-0.0173092362725982,-0.00031526832684668
0.224132421017825,0.0222474884962161,0.225029245224627,0.188843621674829,0.00420129630079455
0.428995158033232,0.01684349326844,0.430977801141775,0.142699769765291,0.0024035626114496
0.258458741705228,0.0490613240380572,0.254642935670183,0.0974920199760174,0.00478308758316813
0.0463048674458262,0.0235077363938115,0.0478586083853202,0.0929482387645902,0.00218500269514704
0.171376055767192,0.051613827149742,0.171467184797326,0.0290820822975669,0.00150103756886119
0.105187440033558,0.0185670299767865,0.113984944244937,0.212209456534042,0.00394009934082513
0.0563759788827184,0.0258921646148018,0.0502610373616145,0.255076801738352,0.00660449054002657
0.113308933826289,-0.00392677034736653,0.116722773355055,0.143029304446047,-0.000561643231503199
0.0969459906726168,0.00966012617814943,0.100996388166319,0.140210220644276,0.00135444842288988
0.107084717456151,0.0131005173027937,0.107544265693237,0.0414225900308334,0.000542657357425463
0.167229479730466,0.000627293873067496,0.164824687543292,-0.0478376068433764,-3.00082376750618e-05
0.110113141221406,-0.000986410520532948,0.11382522313568,0.186031547327281,-0.000183503475434653
0.345761498302502,0.0195395998477358,0.346547081127684,0.158928092794971,0.00310539133777757
0.0295144527617934,0.0226842889946155,0.0264163383191588,0.176515019973082,0.00400411772495972
0.470160765374524,0.0055231939603843,0.469946764178687,-0.0234791920340565,-0.000129680131637204
0.211162808503068,0.0228300304328274,0.212595613607842,0.152814338844413,0.00348875600639034
0.228159611944892,0.00104031924846995,0.232701195925351,0.19749824290461,0.00020546122363266
-0.0361088993107375,0.0170161904769334,-0.0289346711345949,0.256964718659906,0.00437256059856855
0.104218190498743,-0.00201276468597342,0.102179674530895,-0.0452752097111283,9.11283432566001e-05
0.0609131613875978,0.0244728377451585,0.060451455122861,0.217551113773714,0.00532409310866262
0.347329561722347,0.000771997560674644,0.350475212844145,0.151644220689985,0.000117068968463076
0.157489247375296,0.0591912557097085,0.144050849067861,0.309494598861946,0.0183193739420111
0.193763487586009,0.0113928773427627,0.195594845215786,0.0749063483279677,0.00085339883869479
0.0692028613657868,-0.00649949675544258,0.0848829110116949,0.321244901352503,-0.00208793019404307
0.273611680600095,0.017136295998351,0.271567636700834,0.223092957943691,0.00382298696247075
0.168701797139401,0.045481500542947,0.158908234999022,0.196871009997863,0.00895398894810835
0.216804077508278,0.0136324756615798,0.216913262301836,0.00963576709179252,0.000131359360359513
0.243658983322772,0.00169697873487677,0.250480803285091,0.274260542829946,0.000465414308998178
0.0790036982679594,0.0228500139550798,0.080577208034951,0.0510618659611219,0.00116676434978405
0.179942019042197,0.023464745546092,0.18064375133847,0.129838373459029,0.00304662439533458
0.132859258430105,0.0469258177904499,0.129216795434152,0.07785386094166,0.00365335609283136
0.186119401918569,0.016118842487482,0.185822532119703,0.322353062772022,0.00519595824417962
0.2015588626471,0.00516180362625351,0.207303987369956,0.187730558754206,0.000969028278936056
0.192860905714156,0.00854047761236165,0.201627776230439,0.271668926420223,0.00232018238406624
0.26083220940735,0.0362497908210573,0.260862590232097,0.229888776551566,0.00833342006210306
0.137674108696438,-0.00602159137187044,0.140243658778089,0.0790752751862467,-0.000476158994789784
0.0978816934614577,0.0104006890900316,0.0963317195828644,0.127088077967192,0.00132180358598645
0.248284111883,0.02244044372552,0.250206572301168,0.108751436215065,0.00244043048445365
0.164487162476363,0.00871286691410996,0.163098059318335,-0.0334443840923128,-0.000291396467620698
0.103338522050308,0.0134798698988236,0.105655186567486,0.0678712881583989,0.000914896134240782
0.435231768800084,0.0441531737982414,0.439947581833987,0.11250682633779,0.00496753345678101
0.155132147780168,-0.00186423084427666,0.157189657098209,0.103472892277449,-0.000192897357330137
0.194979707544406,-0.00563736437361706,0.19697836185136,0.184203228948354,-0.00103842072037868
0.212301058684578,0.0134273648894496,0.213687363737179,0.164102146053083,0.0022034593941965
0.280071982187602,0.0193233143269758,0.28355824999914,0.106426715420807,0.00205651687486385
0.0907413669792676,-0.00116535979070409,0.0970186418939619,0.241108890056229,-0.000280978605652822
0.318295666687819,0.0242853049914804,0.315471576122786,0.117451142577235,0.002852336819086
0.162176933529613,0.0307183462971211,0.162204107114451,0.199160849325452,0.006117891938408
0.0809306296032715,0.0054592812846857,0.0808670613904893,-0.00600348759727517,-3.2774727482647e-05
0.197170487155695,0.0222514788673055,0.200866845239905,0.209053883923993,0.00465175808026287
0.388192712219252,0.0435415247221059,0.385688825706509,0.167330519085414,0.00728582593352036
0.136131848465296,0.0351242847743225,0.133853295772814,0.0626066379821451,0.00219901338124778
0.222121048833301,0.00885520891005069,0.224808696602475,0.279497722244037,0.00247501072035427
0.192193612453029,0.0512451744777115,0.187350476428195,0.226146277136808,0.0115889054293606
0.276004864625269,0.0284573772882026,0.272841297353614,0.17288007643472,0.00491971356071612
0.221613074305947,0.020514202809394,0.223485752745885,0.251150567579352,0.00515215367901724
0.131779689950087,0.0389466092253221,0.125492304751227,0.319553623203756,0.0124455300894525
0.0351572328030232,0.0136320796098977,0.0410600104597765,0.183032255250402,0.0024951102747526
0.195820084849885,0.00666783678991399,0.196098720182999,0.101660804174009,0.000677857650163702
0.205855080645593,-0.00589548159121828,0.206076528593848,0.00829257655910428,-4.88887324479675e-05
0.120553097240082,0.0252589514711333,0.120936797759995,0.178502453847085,0.00450878481920174
0.343475356995201,0.0381207700595579,0.336905359428121,0.192715231971441,0.00734645304495764
0.145887090163589,0.00456107917811922,0.150667361925791,0.147369601293704,0.000672164419948444
0.122774856255495,0.0136987569198529,0.124643991851246,0.106109896966988,0.0014535736853414
0.170021724624932,0.0227565698444739,0.175183169700315,0.334828298951652,0.00761954357099965
0.270903993672237,0.00773374860323949,0.284676826715095,0.360415692804938,0.00278736436081578
-0.0415119352590586,0.0286518565131841,-0.0416586859674754,0.135215471420317,0.00387417428549747
0.00818786151385409,0.0334206071800833,0.0082243352890321,0.0311847065944763,0.00104221182912014
0.205136145246543,0.0179845373440459,0.206118569144828,0.103930473755733,0.00186914148644435
0.142885736681613,-0.00118008442957565,0.148084532162952,0.236391712537257,-0.000278962179245938
0.22783250832838,0.0216462173897412,0.228940821061402,0.205353837668793,0.00444513381199632
0.227706941666845,0.00663276112623474,0.227629773719904,0.0847462922096485,0.000562101912560687
0.228930974503148,0.0080540502213286,0.231890408448141,0.10721969699975,0.000863552824351623
0.288615424558271,0.00036666271059231,0.292107832586596,0.127684556235298,4.68171654900105e-05
0.52469942731016,0.011746488964086,0.526961950706018,0.296711815167632,0.00348532206238051
0.214291052435282,0.041196168598623,0.209695540654729,0.224925865433253,0.00926608387457948
0.0128534990270306,0.00942463046928492,0.0131567794856994,0.21429191735718,0.00201962213364597
0.0968747266215695,-0.0160926821332697,0.106668390420015,0.280071724809666,-0.00450710524187855
0.14956741453491,0.0288749080494055,0.148664722165101,0.117621228709924,0.00339630216365716
0.370828018567554,0.0248111363579369,0.373032659011983,0.16162895235675,0.00401019797631382
0.0783487710018813,0.0173838479386261,0.079744698508741,0.138665057977809,0.002410532282287
0.282020422871333,-0.0234662109106301,0.293060723081054,0.15582207884788,-0.00365655376677719
0.116316575702598,0.0429553753787827,0.114828629022691,0.0901041828742618,0.0038704589985624
0.00666473974394395,-0.00918630694312223,0.0134294914991844,0.104743772777587,-0.000962208447115562
0.238800594565071,0.0186553375494443,0.239771622258206,0.108854713834134,0.00203072143042394
0.105310907511194,0.00337992125867536,0.108394201827206,0.253768000153026,0.000857715858488745
0.124633291535223,0.00596525952434727,0.129277482593058,0.310771129504247,0.00185383044016737
0.194898738020133,0.0262769163871897,0.196233212960254,0.257597685787031,0.00676887285095938
0.132521080481171,6.30197765501432e-05,0.14076160005741,0.17685178318466,1.11451598587916e-05
0.0806335460694955,0.00513564643756334,0.0849794593753023,0.193532265261653,0.000993913288644572
0.215585629067346,0.0280955634837456,0.216245915643947,0.0281025178116944,0.000789556073231551
0.173194863238536,0.00406483504304115,0.175671979856721,0.174790380699658,0.000710494064654473
0.208994674125556,0.0230867195142312,0.214792373715647,0.360821926514141,0.00833019461201653
0.130606761059139,0.00561081645527519,0.133520560090064,0.188548863761428,0.00105791306741606
0.286659934919868,0.00854295642031596,0.30218313644098,0.262789408482149,0.00224499846438361
0.0288954814413802,0.0177782351927665,0.0240309705504611,0.303848338702142,0.00540188722837804
0.109975078066475,0.0160700766100122,0.109378212609184,0.221708305803287,0.00356286945933484
0.0340226007233647,-0.0132638340280603,0.045012463538148,0.254483121949685,-0.00337542189248324
0.35590828015858,0.00535903584946117,0.362125175848855,0.122149802895788,0.000654605172723144
0.163210825918058,0.0208420811820929,0.163867852608119,0.0978126078983042,0.00203861831444867
0.238364546854512,0.0219505518914032,0.250264698313836,0.352129180802388,0.00772942985568013
0.300484544283466,0.00918104513321817,0.308229615950553,0.18591174457717,0.00170686411775833
0.0441107989008529,0.0384791098905551,0.0429573770695063,0.0638977681909771,0.00245872924398182
0.191774590942675,0.00872419003868974,0.192962918762433,0.224712851121088,0.00196043761731617
0.167446450773624,0.0270898346868635,0.167606676333912,-0.0174790005943219,-0.00047350323659177
0.11924756777156,0.0221148305726821,0.116233739615729,0.290185668802666,0.0064174069001914
0.150011437104097,0.0341617938947749,0.15394978731194,0.193453065666015,0.00660870375759475
0.204945703799031,0.0205706533751602,0.210010319323893,0.104299724272191,0.00214551347512803
0.0832094518490845,-0.00176744578652221,0.0906362019184559,0.169276172401066,-0.000299186457668872
-0.130047605163724,0.0199521995257914,-0.128921842578812,0.134569990343993,0.00268496729752717
0.201392757321733,0.0168827893790431,0.203065890406988,0.156955344877258,0.00264984402947783
0.347636834415606,0.0238056913443213,0.35452286261113,0.175213755672489,0.00417108458681861
0.178757232624279,-0.00812091859112473,0.180261308861497,0.0500189550814469,-0.000406199862229555
0.127589521567549,0.0178962103196328,0.129388465158531,0.0765569586612493,0.00137007943363315
0.0846816417519723,0.0194918237084092,0.0789275949325986,0.234991662800356,0.00458041606425048
-0.0331416657781684,0.0118181593904365,-0.0280104824531701,0.213543181385769,0.00252368735435791
0.0971505549640304,0.0117055781505795,0.0982830049849306,0.037860518959947,0.000443179263507157
0.238120881236233,0.0309380623345313,0.239856091169603,0.0885893871416426,0.00274078398156606
0.262764409463585,0.0106030324298965,0.264198957004748,0.0561388159897466,0.000595241686515275
0.133727562929927,0.0233668288587891,0.134317686261649,0.215100433873878,0.00502621502578219
0.20949285593472,-0.00398221962901789,0.219507423256599,0.229656537626002,-0.000914542772066552
0.208320912861775,0.0321913766281682,0.209029676229964,0.12631302139637,0.00406619004481242
0.263836762669672,0.0217776035858793,0.271245182894758,0.22196479239312,0.00483386125875937
0.117959170976764,0.0217745341701035,0.116301114236151,0.0487776583827328,0.00106211078919245
0.154094256318931,0.0182549551757409,0.159654973158192,0.148487147280386,0.00271062621777708
0.289485316294173,0.0370709022901202,0.286968459486769,0.197216247443998,0.00731098423902059
0.251094202251071,0.0603636192542046,0.241581963464646,0.269917393702179,0.0162931907835256
0.0727673085051904,0.00813976570392526,0.0702143481260609,-0.0831053693129548,-0.000676458234945632
0.224909008900708,0.0236203289911874,0.227165517738291,0.0650229896791115,0.00153586440821119
0.295586688007141,0.0470557384001343,0.290539250841066,0.147965067867935,0.00696260552595167
0.155608713265594,0.0291542066272331,0.159648176878733,0.16372538751022,0.00477328377759677
0.195854372748225,0.0136869846163017,0.195973936162643,0.025476037798362,0.000348690137430501
0.0222540352383391,0.0212168881611834,0.0208877387419061,0.0808900655291792,0.0017162354736834
0.300908375665512,-0.0037204825936458,0.304797403418945,0.130904979649656,-0.0004870296982081
-0.0405213746879352,0.0238916142654036,-0.039006740965474,0.260994632960504,0.00623558309603297
0.2153273533366,0.0111436297154687,0.215803649348349,0.0417986871615156,0.000465789092320647
0.216318848476943,0.0143954083641453,0.212984122240221,0.197828767176923,0.00284782588968723
0.164344141664883,0.0332634797509077,0.158310905892547,0.294318667735275,0.00979006304452646
0.365688944448013,0.00667800313007854,0.373847129248132,0.20200656712267,0.00134900048754161
0.232195738221605,0.0187808669371868,0.2332022114713,0.154835639183806,0.00290794753664533
0.0969773776910204,0.0280588778189668,0.0964242762341112,0.276823988304106,0.007767370465184
0.178123498919975,0.0184567810765225,0.177661238659529,0.182910456591872,0.00337593825392294
0.0618840916885514,0.00564022282237145,0.0628029009243905,0.289548558093064,0.00163311838554124
0.368854471372829,-0.00295308986661549,0.368199974785465,-0.0122734566445615,3.62446204453992e-05
0.0687876434802412,0.0265358636842089,0.0668582324225933,0.162916894688551,0.00432314050931002
0.211215701843877,0.0345710494907163,0.215453747204871,0.248341704904468,0.0085854333708612
-0.0486623636696004,0.0104936136641497,-0.046733386249435,0.128667232601574,0.0013501842301562
0.250213336340236,0.0208588004735015,0.256347266550732,0.308561308903054,0.00643621877625128
0.0367098714563514,0.00513855629779832,0.039598316597928,0.143460051915899,0.000737177553254916
0.284975644089193,0.0120254531750537,0.291581722953804,0.255922389155831,0.00307758270724133
0.315930771530176,0.038487502875988,0.316150749060881,0.239090854811693,0.00920200996218744
0.363367760208722,0.0230209874662585,0.364166666036109,0.076172545823224,0.00175356722266944
0.368922798305825,0.0398089391902539,0.366856714726447,0.0458488384085393,0.00182519362014932
0.27905546929918,-0.0085408372143912,0.282657999072321,0.217862883436425,-0.00186073142248839
0.267821271773428,0.0162084018637721,0.270226086813879,0.334427226814562,0.00542053088639729
0.14211531380564,0.00540332580468687,0.147480010968295,0.193067449748377,0.00104320633327049
0.289536446600943,0.0139554556423058,0.29689864369419,0.174699673156905,0.0024380135394665
0.0389913161632379,0.0129387724902702,0.0405540885281307,0.170532630269251,0.00220648290522121
0.318230622267392,0.0378967806442299,0.309308872046001,0.24330587121176,0.0092205092307653
0.0331485733067822,0.0417485330280891,0.0306644668209925,0.117480299457968,0.00490463016207078
0.332563318703276,0.00385241671609573,0.332819703504438,0.00649247254642206,2.50117097666289e-05
0.300204068158568,0.02522495784636,0.303013391739293,0.255489784841579,0.00644471905280442
0.163793540042143,0.016865344642772,0.16612518409877,0.130960205789703,0.00220868900513168
-0.169375499908349,0.0181846403422448,-0.169459441659493,-0.0265959823919783,-0.000483638374346802
0.332312772229112,0.0223048804749843,0.33122672766192,0.487801223340803,0.0108803479821678
0.118980542075145,0.0156507357812454,0.121910341092356,0.188728708760218,0.00295374315514179
0.204945777560303,0.0176501717211907,0.204816295703575,0.0636692285642464,0.00112377281751469
0.226687465090959,0.0541657848495391,0.21782253597109,0.250404334216571,0.0135633472925669
0.151300167505391,-0.0081235391499464,0.155249205370832,0.101189352450516,-0.000822015666189495
0.345514868783814,0.0251920868370523,0.34542864109029,0.17502036526245,0.00440912823994425
0.12254656539027,0.00268955554000275,0.129969093183092,0.208424104324774,0.000560568204456806
0.306180175827046,0.0173572280746585,0.307556572554969,0.281788595193837,0.00489106891561704
0.266856321470695,0.0139216579756662,0.27341414821987,0.206219224657198,0.00287091351368457
0.0866056195740143,0.0113902883645888,0.0902643024015378,0.211610193673798,0.00241030112683104
0.196372585484105,0.010607598792989,0.206003297998746,0.175747356485352,0.00186425744652504
0.230798490251044,0.0308414704466847,0.233126335041751,0.151203992597253,0.0046633534691089
0.114869650621665,-0.00421864955523196,0.115717174524519,0.0255957177969518,-0.000107979363499953
0.207861635577223,0.0216307406504995,0.208434825627567,0.0227714606805454,0.000492563560213923
0.352934104831566,0.0180044575393544,0.352931606286944,-0.00024865089892221,-4.47682455176724e-06
0.14987330783507,0.0223415584715075,0.153315207090187,0.128332519976267,0.00286714849884568
0.284638384733608,-0.00440352034840041,0.292871815375139,0.138865292282732,-0.000611496140253579
0.18898220832813,0.0217835908635668,0.193690925002134,0.234747713052495,0.00511364813729354
0.25109346522612,0.0117599609910593,0.257759822520595,0.127544753832411,0.00149992132968342
0.126439328768246,0.0265331383616136,0.130414500793506,0.224383929874301,0.00595360985747742
0.301720322944321,0.0307004834677559,0.300565464107521,0.149182455109495,0.0045799734967683
0.27079577865711,0.035267830583931,0.274439208580825,0.199597775328074,0.00703938052520006
0.223406496528299,0.0195216535001199,0.223772123655641,0.036436987628083,0.000711310247063591
0.293835742224727,0.000727848025100914,0.297668527018959,0.218954500113101,0.000159365600494278
0.285877884039626,0.0259933592799297,0.284476546252326,0.134325936443887,0.00349158232659897
0.188274699580734,0.00401921621513247,0.186799687855508,0.107747280753379,0.00043305961794041
0.0948045759033114,0.0368824387627689,0.0947695504467069,-0.00214084499743021,-7.89595845182998e-05
-0.08434885769822,0.00648768749884871,-0.0868279888437425,-0.0761303638655403,-0.000493910009933269
0.211753096983822,0.0262410751114114,0.211465312954991,0.186878389687482,0.00490388986048882
0.274913999726363,0.0176148511792753,0.276661520761781,0.238611571019925,0.00420310731316906
0.128530697528186,0.0411986657984003,0.12206291285439,0.316957210007862,0.0130582141675073
0.292211848229434,0.0335254233822461,0.289947246959411,0.196634329480299,0.0065922491473111
-0.0365587809956013,0.0106675573137996,-0.0350242078830321,0.489205919400235,0.00521863218345205
0.215399146067384,-0.00309373899309234,0.220215963633619,0.136539508172547,-0.000422417600531059
0.154448729957212,0.00516118952623538,0.158206030074305,0.136753387902086,0.000705810153317449
0.266761677265091,0.0253800573719195,0.268157890891455,0.268676484185707,0.00681902458311889
0.150181839633369,-0.00283168040333758,0.156394233223781,0.227100868872892,-0.000643077079968306
0.214549847378426,0.0312392996230161,0.214595851896279,0.001721310023128,5.37725195565963e-05
0.230644060181529,0.0272309826999881,0.231949431577589,0.196895133410695,0.00536164797161847
0.186865376058985,0.000438330637693981,0.196161486427851,0.264440268266854,0.000115912271421377
0.181977597354447,0.0326235351393323,0.184863505460223,0.215720575982554,0.00703756779084384
0.222176066517519,-0.00758219355194182,0.225527514681918,0.0500341307725608,-0.000379368463720724
0.0575078361161716,0.0123310636062574,0.0578141825297418,0.212416148860517,0.00261931704259528
0.0841120972655032,0.00657815770908231,0.0837653287272953,0.298373628990376,0.00196274878772991
0.301054943850467,0.0611893084766068,0.299365193157544,0.28348678399126,0.0173463602746824
0.175417232779193,0.0373046017680976,0.170823059538019,0.197788037073612,0.00737840395752483
0.316792602124164,0.00889977300131938,0.31205442883617,-0.0907519248129903,-0.000807671530268417
0.312558964290969,0.0308415085218119,0.309595117318575,0.142070648288485,0.00438167310988865
0.330004205199462,0.024627893006617,0.33004042856819,0.168273949935394,0.00414423283480972
0.180519893320993,0.0138935131115833,0.185676870973708,0.217229022408394,0.00301807427104745
0.0716642484189085,0.0455857557421972,0.0694284332979634,0.166858220631554,0.00760635808928768
0.265686714756537,0.0125101975752488,0.262825922538619,-0.0748879127747121,-0.000936862584809651
0.0587070579230564,-0.00143288825820863,0.0553491145677228,-0.0899175353233002,0.000128841780571817
0.263484953939172,0.0358883610240337,0.262569451942284,0.231075980330404,0.00829293820608007
0.122277919549571,-0.00294136811747506,0.121709780649252,-0.0134334305508008,3.9512664330441e-05
-0.00254923869729609,0.0211723233235679,0.0015604792402182,0.308413966340378,0.00652984021286246
0.255524322583362,-1.68830311898343e-05,0.255962360566353,0.0222946860785355,-3.7640188043148e-07
-0.00767401003175656,0.0325185559661113,-0.00822678974136672,0.0629960295572896,0.00204853991280152
0.193735906028589,0.0288100767681555,0.192718682726642,0.0861652840198843,0.00248242844736279
0.21370869885805,0.0227681270922324,0.215796339285048,0.134403638936731,0.00306011913297001
0.226707481930706,0.000687337275779425,0.231277103241486,0.0887810322595679,6.10225128541767e-05
0.186104066260044,0.00219311474479792,0.194348293421495,0.221960919310333,0.000486785764908392
0.111643371562439,0.0369315706167129,0.110767598727142,0.412492514316755,0.0152339964213547
0.292798568813846,0.00970930040811792,0.292740214100949,0.175421898829273,0.00170322391389588
0.288912409789029,0.017214429120404,0.293198097107556,0.222888698901528,0.00383690170897941
0.15581135669111,0.0304113517103294,0.158992784215372,0.207470627835018,0.00630946223265359
0.0257591537692962,0.0273592453480503,0.0255158310993814,-0.0963003695513509,-0.00263470543766332
0.242182518135505,0.0260176485727897,0.242242168967165,0.0396081702436749,0.00103051145401116
0.159467094702295,0.0109500401245013,0.155252486568923,0.412003164599049,0.00451145118378109
0.371625087530412,-0.0157776172990373,0.378613150060588,0.165729555465507,-0.00261481750127434
0.271549817428072,-0.00209536739972237,0.278497222605265,0.140671972021668,-0.000294759464228861
0.376981719449575,0.00892189418868724,0.388635812003146,0.369096941094033,0.00329304385380909
0.243706634412992,0.0292936684201456,0.245850044718262,0.115431886068131,0.00338142339559184
0.200332679346695,0.00890591763892619,0.201441195874646,0.183419644090973,0.00163352024363536
-0.0931363412751295,-0.00909595724597402,-0.0897531330508636,0.141444602181457,-0.00128657405411634
0.186707872055939,0.00878656147834725,0.187109886432367,0.208674203271805,0.00183352871599284
0.0744149093374343,0.043730361562624,0.0682919545332373,0.21345228028129,0.00933434539306735
0.0599070907120215,0.0121751582804004,0.0657317620099159,0.179858739263987,0.00218980861865231
0.295770891912256,0.0157099312572712,0.310545494420044,0.31043295912924,0.00487688044791164
0.163422040235592,0.010371566920478,0.163437711705357,0.147856915048321,0.00153350788907909
0.0906176433134594,0.0254192194521498,0.0868021194940059,0.209433717604118,0.00532364162845865
0.0671576804126194,0.020214899019973,0.068989325336214,0.125202320593951,0.00253095226787302
0.104579928855377,0.0440655458988398,0.105455356941263,-0.0262568719378293,-0.00115702339553637
0.224696540577631,0.016728112496368,0.224877399476399,-0.0156846267933615,-0.000262374201462899
0.341224893167893,0.0440795705114892,0.343202764561326,0.250728552356394,0.0110520069028373
0.127429158004834,0.0230486609790605,0.127668586789458,0.238718378418045,0.00550213897362861
0.0554931425892296,0.0313416782538009,0.0551199023696443,-0.0169286782766216,-0.000530573187807984
0.0408473315692114,-0.0198112981671361,0.0410903213176064,0.0106553334588387,-0.000211095988223315
0.127474683790654,0.0454874773229344,0.129077476966594,-0.0431425166916308,-0.00196244424966487
0.0820564036082715,0.0402478325099573,0.0725523916733354,0.270170077749659,0.0108737600384704
0.262722613053544,0.0143008181868441,0.264187023618721,0.0839015380149428,0.00119986064074828
0.174251321110018,0.0444114142425129,0.169360642586054,0.266238353595314,0.0118240218087661
-0.0403447268680538,0.0200095865679931,-0.0408631622086597,0.023081637555912,0.00046185402480606
0.205328323682769,0.00979596375677722,0.20904414900109,0.179955334074132,0.00176283593042894
0.269763801385182,0.00865323211511041,0.270965452512251,0.121582274117882,0.00105207963902501
0.383396675647313,0.0404956517774103,0.371890289568345,0.326388091698312,0.0132172985057083
0.190909087646092,-0.00885598745904808,0.191202619924695,0.0108697252646584,-9.62621506271127e-05
0.387909578198138,0.0342490791127081,0.387099708171541,0.194161624978498,0.00664985685454054
0.160867149886569,0.011873779532223,0.167200959799813,0.17345689396222,0.00205958891725158
0.276069318283988,0.0224682034155248,0.27599170340566,0.146489416916612,0.00329135401750406
0.23538124153902,0.022185718612192,0.23748980442365,0.170655046296837,0.00378610483689221
0.297114800044936,0.0152373281807796,0.301824718109916,0.187932324956624,0.00286358651114098
0.162652347528396,0.0337373910313663,0.160905983630375,0.0946344637782439,0.00319271990953028
-0.0641476938789239,-0.00113303940538011,-0.0627745168018585,0.0605039437115192,-6.85533524060514e-05
0.177050805647951,0.0376577456267001,0.166557726804271,0.200824810146947,0.00756260961604409
0.0513597149565647,0.00335024961160269,0.0554244135847723,0.0852277617860097,0.000285534275821346
-0.0899192539428005,0.00272094756644151,-0.0802667120144587,0.21406088957468,0.00058244845655853
0.219911053398997,0.0140589715399527,0.216694756404461,-0.10715278969057,-0.00150645802068626
0.19906346881221,0.0218265442618056,0.198404524128512,0.0860974564304825,0.00187920994360881
0.150382106381304,0.00580223317825361,0.157239058537274,0.215638073042702,0.00125118238190304
0.249834577314532,0.00380781998608895,0.253576525199452,0.0766654429358404,0.000291928205853455
0.223625154112854,0.0080132760041615,0.228315412919085,0.409903423618776,0.00328466926850798
0.339113954672554,0.0474465442096436,0.325838702851439,0.460088052099406,0.0218295881042633
0.148425101694387,0.00678953015444076,0.149234965764159,0.0234784640741911,0.000159407739811675
-0.0064613083253528,0.0258190940574457,-0.00469048087952157,0.292137561771156,0.00754272718508233
0.0506585339822755,0.0239148050638936,0.0496463445606569,0.289632144160466,0.00692649626783507
0.210459062844518,0.0191874197107593,0.209413025337376,0.169264493413281,0.00324774887724966
0.201388360814827,0.0391025998941238,0.199562638755568,0.107650052043996,0.004209396913658
0.087234426110334,0.00644103011645099,0.0876282522666245,0.00872073134875528,5.6170493254811e-05
0.131265095740893,0.0531589817686741,0.127159455038861,0.178248149858564,0.00947549014863128
0.198643919344712,0.0470613976460284,0.190480954051242,0.234096963020523,0.0110169302644365
0.342196289268998,0.00472558287708661,0.346789833522273,0.154710260209338,0.000731096156554862
0.234805811521709,0.0140416535749458,0.24180366518117,0.21002416785961,0.00294908660745092
0.378268517219958,0.0406677438405296,0.377572166182517,0.256343413987926,0.0104249082952678
0.241990902082005,0.0363510639041225,0.240771712738636,-0.108091278730422,-0.00392923298060787
0.112563471078264,0.0108039055289708,0.113110898142864,0.0427743718223184,0.000462130272229399
0.175692805609276,0.0175731812044067,0.179513399383277,0.192452880561656,0.00338200934342002
0.0830982491710883,0.011267034468514,0.0850093434121766,0.0789160253479337,0.00088914957771329
0.425666392727836,-0.00889787528243175,0.431012540443571,0.114446658821934,-0.00101833209668859
0.172892651933512,0.0228574278322752,0.174077951787651,0.18816639417134,0.00430099977523084
0.0416586718270677,0.0219318295327829,0.044151977107802,0.213751362527741,0.0046879584453585
0.0496264109741058,0.0133100719189335,0.0509616280228845,0.0606248078432822,0.000806920552465607
0.340973786112925,0.0221603363435329,0.342526711056583,0.131645179080612,0.00291730144643098
0.11485609316134,0.0299232463241665,0.112503717008336,0.163835261778068,0.00490248289476943
0.154661419561888,0.0233947384263284,0.15687594354591,0.274826372683313,0.00642949110158276
0.132207642324077,0.0332212977193351,0.129959470370719,0.0705207100202338,0.00234278950296108
0.208331643977994,0.0193546093861475,0.214397174065275,0.22334948739941,0.00432284208521185
0.350870444213133,0.0191110081564609,0.352675374727598,0.201380245953323,0.00384857952296406
0.0981648666153908,0.0129438777793927,0.100214019312408,0.0780975446775076,0.00101088507317632
0.175499545682995,-0.0128818995256349,0.1803400605316,0.123759836061903,-0.00159426177345848
0.0375767729489055,0.00858396514322449,0.0390804504838911,0.210004752442757,0.00180267347488012
0.220419662767907,0.015838024759699,0.218315776324638,0.413109369538684,0.00654283642321733
0.443815930950984,0.0229763220038289,0.448729008024839,0.296301054674211,0.00680790844226877
0.161905741433711,0.0239633357689601,0.162666590801486,0.116128042579143,0.0027828152765161
0.182081718229348,0.0283350918461932,0.181841488037045,0.0980824585231156,0.00277917547075292
0.107341109929465,0.0173774247974778,0.10469546148665,0.129324719684302,0.00224733059076885
0.429377087586257,0.0161154001460551,0.432690966547531,0.176104450176363,0.00283799368209312
0.16180552727999,-0.00326559735711184,0.164831874422187,0.0540522455422482,-0.000176512870188726
0.220705625848689,-0.00314399853678083,0.222920307927421,0.153910112142818,-0.000483893167372795
0.249885552575649,0.0147780803544429,0.251315288982591,0.0951146944705189,0.00140561259777361
0.0667789175599446,0.0162625364329336,0.0666418539266248,-0.00920906097843007,-0.000149762689674826
0.172643862329455,0.0094854154704342,0.175338061537339,0.0807747759560206,0.000766182309474094
0.264773489344573,0.0222241022580373,0.261950950112497,0.184441746859937,0.00409905224286627
0.0241241359852223,0.0274674397576138,0.0248070904833976,0.0911625936064434,0.00250400304803282
0.109533572045352,0.0358778628734804,0.107841705693751,0.222907610173597,0.00799744867126355
0.294333065669354,0.0436992276249539,0.29292812167593,0.0783643490543123,0.00342446152700574
-0.0180963270598066,0.0190773318840166,-0.015803719367785,0.203994990737332,0.00389168014097298
0.213253741197379,0.0173801442422381,0.209711402270812,0.280575850055572,0.0048764487448544
0.111871409526134,0.0136330906895721,0.11762061428289,0.179637681006352,0.00244901679642402
0.0709475292425107,0.0356531339789632,0.0699173631260042,0.100694119458217,0.00359006093193752
0.182866486019247,-0.0138318511738717,0.19246786680128,0.162979316991929,-0.00225430565705162
0.219346608962429,-0.00916358788950285,0.220692296349738,0.217845937653036,-0.00199625039605475
0.15360812677582,0.0435648500608647,0.143760159011425,0.275457027318747,0.0120002440933527
0.14170870263534,-0.00369003944808933,0.141835184940816,0.15550383917407,-0.000573815300881656
0.106534972333299,0.0275705968774619,0.105825452015734,0.184425003010238,0.00508470741211998
0.272660005306472,0.0011720436564683,0.284761345374761,0.262353214790227,0.000307489421148951
0.229053892634463,0.0307877086782171,0.229099178159608,0.125631670826866,0.00386791128217523
0.198631952081974,0.0194550666882613,0.19988953401472,0.24969836094252,0.00485789826408627
0.154810965185011,0.0232566300247313,0.154079332545946,0.179650987427639,0.00417807654818224
0.139063389966922,0.00873922307742732,0.139187034677814,0.0435743439165151,0.000380805911938963
0.155069426965386,0.00734468568354148,0.159155372202568,0.0726012887716252,0.000533233646247617
0.188909693950171,0.00076198547429339,0.189534614646288,0.166021772904356,0.000126506179369555
0.0734600920165306,0.0143222001594663,0.0733972072303495,0.125346028521121,0.00179523090967367
0.195035837328362,0.0176162581198429,0.197807898871207,0.166292012333319,0.00292944301253183
0.135691371476161,0.00498275150787068,0.140104889097564,0.291431047424953,0.00145212849099702
0.231951123139694,0.0432676685576832,0.226252954046558,0.245432126690919,0.01061927591107
0.266712161747154,0.0216032712105666,0.269685633271364,0.105849409345268,0.00228669349756411
0.102188026764368,0.0315893766093508,0.10259180071269,0.0493198031781662,0.00155798183689415
0.107806106689887,0.0208407165069232,0.108995743272646,0.236004370088729,0.00491850017141419
0.250641952731516,0.0146749455299457,0.250103876605126,0.0462392812541233,0.000678558933748096
0.309837925349036,0.0406832820023315,0.30940669428903,0.0879129790285119,0.00357658851748201
0.243478404396541,0.00247791601926775,0.244955437454252,0.0344352258989776,8.53275978821804e-05
0.361815166147022,0.0207181614835474,0.377066343191122,0.273116957338351,0.00565848122603108
0.0988434426102155,0.0437988785603712,0.0959274580986322,0.0946200858692928,0.00414425365036105
0.421714280821403,0.0171099556729983,0.425488313648231,0.266167054117896,0.00455410649756976
0.215444751680851,0.00897577145639076,0.217162786142619,0.304219940462126,0.00273060865806485
0.132870495336071,-0.0068712408662573,0.140361888870795,0.262995447490776,-0.00180710506643824
-0.0233142094888977,-0.00556029533004549,-0.0176267221602714,0.155258227162914,-0.000863281595445094
0.293970608784535,0.016909827225722,0.29500073102148,0.0572779523824853,0.000968560278630956
0.27015843139745,0.00152670667204908,0.268778248405722,-0.0711393204449563,-0.000108608875168353
0.333101946240625,0.00572245888269243,0.333765238608191,0.0176521910912938,0.000101013937709358
0.158176432952052,0.0134977153538847,0.15903382367162,0.100618835558734,0.00135812440161113
0.128808307483171,-0.00627992662498129,0.13146884720136,0.132988834249497,-0.000835160121028639
0.0699496822561681,0.00431601279370932,0.0700222463716348,0.0708460697718129,0.000305772543519168
0.32418758540113,0.025751342909465,0.328927532774914,0.158766179776305,0.00408844233784541
0.0458516703081193,-0.000832662381295849,0.0493444898378792,0.132173635945922,-0.000110056014451262
0.0569296879121726,0.0250807932936088,0.0584920535385299,0.258636127396305,0.00648679924948621
0.188354148267558,0.0338723521155896,0.187251485213485,0.0882662434558302,0.00298978527825624
0.333669544372975,0.0425224050834719,0.330654168091429,0.0713635843317458,0.003034551241163
0.188980254921555,0.00847749726038975,0.190161845834131,0.0949447697497858,0.000804894025442145
0.0634075384087579,0.0180904671160287,0.0636738223093973,-0.048550522944357,-0.000878301638790885
0.01977029800054,0.034090359651866,0.0193836028491213,0.0702448735085317,0.00239467300160568
0.0285472229131867,0.018015084891853,0.0306486339787945,0.22732160402586,0.00409521799427806
0.194869506464648,0.00798296535566422,0.198321328238646,0.178062638374984,0.00142146787328567
0.299369274765837,0.0189605467298185,0.30557176058824,0.187455671140172,0.00355426201242272
0.338042273348339,0.0128946285237223,0.33806681297603,0.0099019246868622,0.000127681640506963
0.276703045974364,0.00130349717390099,0.27904656702782,0.14478202359175,0.000188722958583513
0.12473622537401,0.0192192486318876,0.130231401595535,0.288140699254439,0.00553784773993702
0.0290329345921576,0.0374771127648693,0.026384991417923,0.39601229548331,0.0148413974541028
0.256586676093107,0.00529277625780047,0.254160165236111,-0.134503847367353,-0.000711898769928741
0.0756191819295169,0.00213731675300498,0.0762335336459293,0.0168054168478717,3.59184989701884e-05
0.20862894728697,0.0335188630915192,0.20490215121953,0.197868980543278,0.00663234326888863
0.2644983754737,0.0305282240072801,0.265216708601656,0.10199527594865,0.00311373463184473
0.0096957360500115,0.037765007774219,0.00887224276990253,0.298376727603929,0.0112681994376084
0.362071238067833,0.00791514797614036,0.367336633462072,0.230459947735118,0.00182412458889703
0.199459031985625,-0.00968113703202161,0.2116957282514,0.243844794730519,-0.00236069487233134
0.205257338085559,-0.00606934012954295,0.208427570347539,0.117069865719612,-0.000710536833972248
0.215852938626628,0.0138118825830817,0.211853106304464,0.273111950488588,0.00377219019218479
0.196170678464526,0.0412573065556372,0.193146521030007,0.298172971106341,0.0123018136755395
0.0995518521159136,0.0244511686323104,0.111564843270915,0.343082495494509,0.00838876795213012
-0.0931472043138952,0.0186295342927189,-0.0897704221672001,0.124421345906957,0.0023179117303199
0.132437413945534,0.0194705551021731,0.134779870239739,0.23861956582342,0.00464605540482152
0.369729195458965,-0.0116937533709505,0.385028085607253,0.29283176567717,-0.00342430244700879
0.209631634578407,0.018219637371577,0.208664180341623,0.093627233930857,0.00170585425032402
0.1309464287322,0.028654909793517,0.135854083844633,0.116243528002989,0.00333094780900583
0.389431350642728,0.0230350929100115,0.394247857302837,0.241035513935675,0.00555227545812065
0.147208271462389,0.0254681084376253,0.15180544969139,0.198584114866672,0.00505756177141426
0.273752508272568,0.0219439565390088,0.27353869993382,0.122720936124081,0.0026929828887333
0.425144488873679,0.0156492027216717,0.432190611477278,0.22568786454804,0.00353183514413346
0.1243838360807,0.0027143418910165,0.135139784387244,0.202732745783742,0.000550285984561609
0.496831010017622,0.0230081944078955,0.497791976393774,0.0222763248203995,0.000512538012161178
0.25676375875085,0.0304011896652726,0.259301436672551,0.259830542422737,0.00789915760102428
0.354316506916143,0.0288621818720164,0.355447046370954,0.233772828151162,0.00674719388283446
0.409873548568618,0.0250878430054008,0.414435403043772,0.152653659838622,0.00382975105223121
0.130605195225789,-0.00200662457530272,0.142102834909716,0.279476092379538,-0.000560803595178353
0.107498959402709,0.0171057719450719,0.108110951331828,0.0457418717343584,0.000782450026228665
0.328611568956006,0.00256981167877931,0.331256417564968,0.261869718214507,0.000672955860186286
0.351636244429865,0.00561516626293107,0.355332803521164,0.252805437673422,0.00141954456470932
0.266952049691204,0.00386376323994014,0.270572348089686,0.105359551238672,0.00040708436105257
0.117408702158437,-0.00953767326856549,0.125154375714736,0.193369965840941,-0.00184429955414457
0.218777568999764,0.0206905022714118,0.222921123650453,0.17216322866452,0.00356214367373683
0.204014710998141,0.0132744963696114,0.205389384947082,0.0472762953785087,0.000627569011370692
0.0989540016002667,0.00810564992427003,0.102735032263154,0.271622934271219,0.00220168041660551
0.123162921277689,0.0206004871984383,0.123609074392999,0.0361391175373876,0.000744483428191811
0.180212347643132,0.0132003980174268,0.180028988715579,-0.0114114658218111,-0.000150635890810169
0.0922827547609608,0.0360641549049026,0.0870463821968427,0.242759115270072,0.00875490233767698
0.243103664339948,0.027684228318333,0.239757580507085,0.282099208241395,0.00780969888937573
0.16345062719029,0.0154248240542156,0.164150146755644,0.111021001626009,0.00171247941640397
0.228339269102427,0.0417042137860454,0.227548849359625,0.220799308587635,0.00920826156914976
0.16139788832874,-0.00461843126461576,0.17233241349814,0.336766994819903,-0.00155533521776693
0.235699918561916,0.00724727666742357,0.235352527494137,0.0437306888615439,0.000316928401036627
0.22713444906061,-0.00276118859877964,0.232874377571938,0.141603866255967,-0.000390994981049091
0.445867897447845,0.0371514290712513,0.451590919510064,0.149797527999608,0.00556519223652622
-0.00264151591249618,0.0010658360107872,0.00216182037793688,0.166149217386561,0.000177087819054707
0.283934706014307,-0.00170172600307187,0.287217660983945,0.0664438890271311,-0.000113069293702691
0.124618438910873,-0.0106420901294371,0.131624021909821,0.113322814579463,-0.00120599160647614
0.16980953284556,0.00303517789837905,0.170611163347493,0.022495635917544,6.82782569469114e-05
0.270106064004675,0.00999369660789125,0.272612676706358,0.0627087765524832,0.000626692487517562
0.15684526240787,0.0262759247041367,0.155857414463587,0.0494990207334141,0.00130063254171969
0.0321181360547324,-0.000114286320433079,0.0305470548917067,-0.0430713087754947,4.92246139618827e-06
0.335954612080908,0.0254187037618799,0.337667196319604,0.209544035326674,0.00532633775903764
0.214056440284172,0.0376173641821102,0.21453191204654,0.12445439266096,0.00468164621279067
0.0562246594824731,0.0517490701814538,0.0543526958008109,0.0996233965197024,0.00515541813821288
0.278375022088995,0.0300974996824591,0.285181367238982,0.206681989281662,0.00622061110677485
0.3449453632478,0.00734819229185174,0.344617638508958,-0.014256420910916,-0.000104758922246987
0.190914752455065,0.0104758930234979,0.19212860072814,0.0804475420984473,0.000842759845026675
0.230547400958788,-0.0123095448278402,0.237374968216921,0.162064391878255,-0.00199493889682205
0.104693789083896,0.0270404350139386,0.107013325698285,0.288138429619344,0.00779138848114019
0.143989961015572,0.0138073833647868,0.145001482089065,0.0279092290278777,0.000385353424603542
0.133843434197182,0.0237479107504189,0.133776372610239,0.229771869005524,0.00545660183810013
0.294323354880738,0.0122809392342541,0.299556342396499,0.1428794155689,0.0017546934204274
0.348719736701333,0.00911292413704723,0.348327721610193,-0.0189947210109107,-0.000173097451576806
0.310777795586698,0.013230686887748,0.313560068627772,0.165092885858146,0.00218429228018385
0.101884594989081,0.00544109433735656,0.107940111364228,0.26623014357978,0.00144858332666557
0.327833727759561,0.0217112205614041,0.320041914507992,0.24615633547028,0.00534435449198223
0.152824212231474,0.0468171562393469,0.140050333055322,0.286947862893409,0.0134340829296274
0.162712062233565,-0.00289057609186209,0.160155344149388,-0.0442851860651813,0.000128009700063677
0.0866073962163517,0.031454707966242,0.08471285819808,-0.162004981313844,-0.00509581937630345
0.336676812242284,0.00567589893668798,0.338481216672943,0.144837416589667,0.000822082538813923
0.219594637888546,0.0231167970815125,0.222588180956257,0.272448303083938,0.0062981321375938
0.249442623740246,0.00266056355847304,0.24969667765513,0.0121013157242633,3.21963196255517e-05
0.14649189636128,0.0253125596184772,0.14989604055681,0.353467283898405,0.00894716169685959
0.272532307893404,0.00665653664974489,0.274589052943885,0.0813673705725982,0.000541624884309874
0.320890462035808,0.0069109912617504,0.323201577000548,0.29593356357382,0.00204519427191733
0.207099712903522,0.0323057365778193,0.200423911888584,0.223463250169923,0.00721914489481285
0.13521929923035,0.00163070840592376,0.143728705960838,0.248890949169007,0.000405868562968244
-0.100893617689526,-0.00342573050602759,-0.0956840528107297,0.184802712762706,-0.000633084290707857
-0.0855548204947856,0.0236807088246171,-0.0857158153021301,-0.0111801970500574,-0.000264754990944253
0.377755500882124,0.0294447862306935,0.377635057811267,0.185053491470499,0.0054488604975923
0.326499063902938,0.0167904546936877,0.325587920655539,0.0346267940493189,0.000581399616672743
0.130028215100456,0.0195026836048833,0.138720522458521,0.229895620818943,0.00448358155498007
0.185576762931155,0.0256870013089128,0.193241909263006,0.193704550108253,0.00497568903217306
0.193541707805047,0.00907843277670026,0.197893897925234,0.140437043841369,0.00127494826187237
0.124945797338284,0.0178570775552461,0.119801586242349,0.307385818916529,0.00548901240777528
0.206241752584059,0.0154525131333706,0.206879321059564,0.0137868353391821,0.00021304125414633
0.145991415187219,0.0162636428415808,0.147816317858836,0.0548588974421601,0.000892205514682203
0.0298946856098799,0.0282876897515371,0.0349017597653638,0.229666254104637,0.00649672774250966
0.171658556338475,0.0237589623238701,0.171710126944546,0.0156105169009007,0.000370889682904638
0.24791368843829,0.0174578765067942,0.257706702988588,0.234096793647026,0.00408683291412627
0.306436498243798,0.0128168003177872,0.306782793169545,0.182993300438912,0.00234538859121838
0.150536887199835,0.0168993195559475,0.153032589902399,0.177381673583675,0.00299762958525928
0.151233626688437,0.0154123867212824,0.150936871036614,0.188315995765545,0.00290239895254196
0.172992182666004,0.0161172121117891,0.18135777440249,0.259286884914169,0.00417898172196671
0.215703186466163,0.00440471416757666,0.215732819384016,0.00250034127251245,1.10132886268123e-05
0.247031430495986,0.0344433227263106,0.249972908032089,0.122716192984416,0.00422675343870646
0.0951553258399151,0.0186673427873008,0.0976204248409193,0.171876837871248,0.00320848384973992
0.336071543944656,0.044436497655897,0.340517268720808,0.182482502045464,0.0081088832743855
-0.0895401981810461,0.0208665080476189,-0.0881835028835126,0.119311209959071,0.00248960832278209
0.275112903615005,0.0262039929161912,0.283461616712328,0.239257568996611,0.00626950364313232
0.158288056707742,0.0193342294281096,0.162687063398402,0.196356019079718,0.00379639232247753
0.200754449160696,0.0201121940479941,0.206280318820275,0.157571258140131,0.00316910372010089
0.132767095656362,0.0361174165942706,0.134088418894912,0.147026357042173,0.00531021218763014
0.110890025352746,-0.0211760803403115,0.119813836397954,0.233135401853908,-0.00493689399982915
0.14791613436667,-0.0115466443647707,0.157889126685766,0.141158175017635,-0.00162990324610869
0.412520581334344,0.00611925578746272,0.424117632284321,0.209690908401832,0.00128315230481622
0.231102459945734,0.0345117112184373,0.230575566171901,0.331247090635259,0.0114319039339516
0.146908284133674,0.0252035196199899,0.150982013935469,0.132629649449301,0.00334273397208782
0.200418094474039,0.0269470771706715,0.204589906766585,0.291455690476442,0.00785387898310002
0.26830072265825,0.0335491965088288,0.261730795313615,0.415487285776835,0.013939264597447
0.214414653154875,0.0538382876743806,0.213801687876354,0.122141366460505,0.00657588202444262
0.282194633820095,0.0336643424639788,0.274924938062913,0.306117422689189,0.0103052417515994
0.243827727333535,0.0142992214566698,0.249391058202925,0.216591850277086,0.00309709483282193
-0.000681535766810909,0.00401266195003084,0.0108756000828444,0.330310404421877,0.00132542399152296
0.333536294390812,0.0351028808494348,0.334722999975637,0.224668464777998,0.0078865103497275
0.422787614832126,0.0532845920067359,0.410829077913153,0.228767821768838,0.0121898000472222
0.248366035263477,0.0355807308927006,0.246342039890503,0.0950829841978485,0.00338312207321855
0.389534691325031,0.010703753878643,0.392696651955405,0.263036686741341,0.00281547995593304
0.19170295849054,0.0182306519001745,0.193034359536867,0.0580767479875307,0.00105877697605483
0.114326067466214,-0.00218583832981438,0.116670609966535,0.12922621150007,-0.000282467606313552
0.198636350774308,0.0164318857347289,0.201246868738117,0.0569725414518664,0.000936166291154173
0.151590746336355,0.00887134489119353,0.155081341199913,0.139416315406725,0.00123681021743247
0.071946169969513,0.0323486180109035,0.0722129393823239,0.151062870620938,0.00488667509734726
0.41229995375023,0.0298186301046821,0.411212981949664,0.243345560531899,0.0072562312571172
0.120027725685849,0.0133671341581792,0.122080873867545,0.341175118882293,0.00456053358553237
0.0610849223428908,0.0154354734469203,0.0635980605661726,0.180861456555034,0.00279168221022656
0.0551045547000419,0.019705054113859,0.0516663484602626,0.13414533878608,0.00264334115990164
0.291461617357961,0.0335509999860635,0.292102000392101,0.172634646251122,0.00579206501396547
0.031373365022785,0.0193834119606279,0.032448375193375,0.0445652960149322,0.000863827491804762
0.267775413908111,0.024418488154932,0.269941470695537,0.0992631359261744,0.0024238557088347
0.347016931486592,0.0367029764523531,0.344414907542916,0.230175194739679,0.00844811475244624
0.086444350868438,0.00124860130382161,0.0877525075110221,0.0989541010411239,0.000123554219578442
0.185822952813878,-0.0138266312087551,0.188101567543536,0.0574518703807438,-0.000794365824007746
0.0947534601645329,-0.00444495520140742,0.105138493493146,0.199761060265992,-0.000887928963867983
-0.0457677089103921,-0.0145136061436925,-0.0427667315938904,0.0493616209479818,-0.000716415125053251
0.175894337166104,0.0343685472216847,0.16934224164792,0.166733201935683,0.00573037792414921
0.0989820085426662,0.0318328277259943,0.0968919114037268,0.236271261124944,0.00752118235199377
0.178072449475682,0.0312540436994613,0.186627349906904,0.304960526240417,0.00953124961372871
0.0708041835865227,0.0298038290468252,0.0702783693538866,0.201737920842424,0.00601256250504957
0.130127615017235,0.00991339234793952,0.129714720385055,-0.0694125905254789,-0.000688114243765942
0.0611054352711523,0.0128367419152726,0.062485624460361,0.0707876917750799,0.000908683330094566
0.162966317550541,0.0109743528979171,0.169767649219555,0.236876394715668,0.00259956514879605
0.209274179450114,0.0423218558925715,0.205313736605395,0.175534949109074,0.00742896482030409
0.38124499601404,0.0146499242367279,0.383159594281745,0.40317341095545,0.0059064599247605
0.0448593017359438,0.0234989789993443,0.0481597612526407,0.230070797234282,0.00540642883257077
0.232767376825191,0.0196453938038013,0.234678672680475,0.217133934748107,0.00426568165629547
0.137608801977662,0.0235727506117445,0.14106247955653,0.228532680728373,0.00538714388944334
0.330651010132237,0.018542147343233,0.33639667942041,0.224130707310866,0.00415586459910109
0.270139392794024,0.0199028925075628,0.279377887253208,0.286367237027785,0.00569953633625178
0.0395915864073971,0.0230625793059587,0.0373101178058771,0.126385068362891,0.00291476566220819
0.147422133072101,0.00566844034885462,0.145552964175185,-0.0594559451336948,-0.000337022478375122
0.283678564643074,0.0320939503998515,0.281999589074719,0.119399179859517,0.0038319913561943
0.134201576970685,0.0339667157507518,0.131967869782011,0.137651458098829,0.00467556794991946
0.0209607349479334,0.0164852784380038,0.0231770759605161,0.0850477048672133,0.00140203509524918
0.00733391592738793,0.0317161524980462,0.00723359505716369,0.0905634995206466,0.00287232576155356
0.00882045971674073,0.00802302284435455,0.0151930102622828,0.256040130922861,0.00205421581946564
0.250842297108388,0.0240630873900328,0.260459508067357,0.320283404877947,0.00770700756115529
0.193638573034011,0.00161623903822139,0.19767516663775,0.227339709257582,0.000367435313040003
0.335904175110546,0.0145054254709813,0.337845872407531,0.128770833618165,0.00186787572988442
0.206779556606044,0.00296606799426613,0.209837493708247,0.0827103414742931,0.000245324496641723
0.0869566077209446,0.0150136149856015,0.0864007766203565,-0.0136163328283447,-0.000204430378600574
0.1656145157142,0.0222838394408789,0.170356510700407,0.135305759467198,0.00301513181939322
0.274705443269788,0.00250889761169546,0.279260272102131,0.208156041679492,0.00052224219582966
0.126983321371638,0.00505690283785382,0.130569180645969,0.11280670598833,0.000570452551641328
0.264123601207216,0.0166068950560421,0.270431809104788,0.215209236848909,0.00357395721144074
0.26363566695166,0.0241068592331761,0.263029984024423,0.237351803639782,0.00572180651908469
0.247290107313848,0.0211515345957817,0.244560690341293,-0.0945712209007499,-0.00200032645064753
0.129714365429224,0.0180080620264332,0.129562086491787,0.0111776703132262,0.000201288180311598
0.229198198699511,0.0421749531395423,0.227189184154197,0.151844989385114,0.00640405531179148
0.498966113968186,0.02799971292995,0.498593216390675,-0.0315728019894696,-0.000884029392099303
0.269095005980086,0.0221012225998396,0.267389688447774,0.165255104534923,0.00365233985108609
0.195022129021744,0.0136997686374805,0.204171581171489,0.195192813497277,0.00267409638461158
0.205792165006331,0.000977790991687312,0.206385200961072,0.0293351148861943,2.86836110758331e-05
0.119645542340806,0.0360463665014509,0.11502457945859,0.163040093996293,0.00587700298262137
0.227432719088658,0.0236491439307139,0.228112037759858,0.181490205598081,0.00429208799420387
0.287543018185665,0.0101104739968163,0.290652681749735,0.122079893165519,0.0012342855853841
0.205570744887422,0.0192199309857485,0.206665038700437,0.0780113049131683,0.00149937189653928
0.0614193797240002,0.00154098818961193,0.063781422547754,0.166416218511186,0.000256445427285617
0.171863790665036,0.0715976866656858,0.157947574890963,0.258605873120765,0.0185155822736066
0.0565829237719793,0.00904995611907667,0.0597036908109017,0.141365887571812,0.00127935507925923
0.361078117412304,0.0343256828615349,0.361397618625338,0.142084983555609,0.00487716408491625
0.202218337427127,-0.0101724366783023,0.212925698643627,0.215883864360809,-0.00219606494007753
0.174044663868332,0.0462210013984826,0.166697014014138,0.180567410477109,0.00834600653218287
0.206029643749252,-0.00529545995122864,0.222417341183301,0.25161932203556,-0.00133244004279461
0.0282448927811991,0.00525201443275769,0.0352118399555994,0.2057798473745,0.00108075872838155
0.0193412135888166,0.0245026727019492,0.0174421705028411,0.165523614782388,0.00405577095745638
0.0687163995061115,0.0205033382255194,0.0667000252114554,0.22001387080464,0.00451101880741326
0.0891585032485886,0.0337717091782157,0.0834839074823023,0.253967739478448,0.00857692463831501
0.285440562672927,0.0477012602345884,0.268875798909186,0.32020316419409,0.0152740944631609
0.0817089526446764,0.0416644390938221,0.081873546424213,0.0412288362203276,0.00171777633561101
0.113605773236645,-0.00971417032696515,0.130712086786265,0.309931874369537,-0.00301073101738125
0.208704209596621,0.0246943599754658,0.213702193474032,0.212710042177804,0.00525273835193521
0.0574295512391786,0.0276007780805919,0.0513265791791572,0.236268297040626,0.00652118883409768
0.181061076325566,0.047486828796689,0.179445371896887,0.247753329681315,0.0117650199503863
0.0601616172545617,0.057979623045462,0.0594770907474592,0.0319040580747651,0.00184978526079541
0.144097765754956,0.000617386742620359,0.148578153748721,0.139449801577876,8.60944587552204e-05
0.185415535613398,0.00783741741692385,0.186350353114211,0.179100130510997,0.00140368248224022
0.273574477592114,0.0184159025917319,0.277239842789552,0.325398803900532,0.00599251267609826
0.287468499079619,0.0107676140966627,0.295176015842123,0.227063771070456,0.00244493506221964
0.226514255608946,-0.00611682097645948,0.230382744279373,0.0841206291494683,-0.000514550828934437
0.174254106589059,0.0203847616219813,0.176376473498141,0.146167036570488,0.00297958019748082
0.213356875849173,0.0172970867691969,0.215200614106936,0.166596195058963,0.00288162884135293
0.217695849994285,0.0102896463980581,0.217957439424429,0.0338194360186977,0.000347990038014148
0.127302827519019,0.00519485097436671,0.127928840069615,0.0227527881145027,0.000118197343506184
0.282699220366196,0.0272332696515807,0.284050090891133,0.135706283622953,0.00369572581531777
0.479059013574174,0.00585560338809427,0.481134325184535,0.0368019844660742,0.000215497824928137
0.278134238087485,0.029678793271769,0.276502414453722,0.236949042557328,0.00703236165000253
0.237861979747361,0.0435349231909369,0.227757677383734,0.183914857769663,0.00800671920667435
0.334936688192767,0.0338367473077066,0.333341643384645,0.210250861685501,0.00711420527807986
0.331719738976986,0.0152474871422081,0.331313171754685,0.138517108396579,0.00211203782925269
0.143688824260564,0.0422728741733528,0.137142766715746,0.222777664738519,0.00941745219012479
0.0894139906925478,-0.0116176113903009,0.0926746996535249,0.158366454346463,-0.00183983992385703
0.255596582514418,0.015544876865641,0.259422175546358,0.160495077706871,0.00249487622049478
0.262003627360528,0.0320265305161531,0.262100874922461,0.0337546857218951,0.00108104547233543
0.0132241157916373,0.0290596628937808,0.0128308374247527,0.0180936772093844,0.000525796160213595
0.194842688035269,-0.00474443800893753,0.207516761906751,0.317700585291213,-0.00150731073231733
0.340456997728594,0.0119920048016478,0.345739324442791,0.195800908666439,0.00234804543689494
0.16807487153693,-0.0175287226697397,0.17205089439191,0.0651087415463223,-0.00114127307394124
0.320886608888776,0.00620188212570015,0.324380557191049,0.29815231292271,0.00184910550025151
0.0928027742483458,0.0166269716698813,0.092754606340753,0.130253813728945,0.00216572647076517
-0.0629078285191025,0.0180841315770996,-0.0633364212316249,0.25717093289321,0.00465071298824626
0.184989018665036,0.0191340525142777,0.186573528004279,0.0701726347958953,0.00134268687924989
0.284236508311496,-0.00740779789219475,0.287589937861165,0.147963882715741,-0.00109608653850261
0.127117998493123,0.00862981093851682,0.128958631987916,0.113062777004372,0.000975710389731415
0.0133641933953151,-0.00943462374821739,0.0246667471198173,0.342727317954952,-0.00323350329314064
0.141082515973774,0.0291245656157052,0.139021645573777,0.127203246009852,0.00370473928494462
0.26940336091897,0.0180799149227594,0.270580832826506,0.270509834864249,0.00489079480011532
0.342466012850693,0.0153728230199924,0.34365607425857,0.203335749170384,0.00312584448563389
0.16489396192071,-0.00396358900766469,0.170831579665861,0.162342841475506,-0.000643460301945369
0.253079730495504,0.011229817150318,0.253927594823114,0.201252337573816,0.00226002695202803
0.162760484360291,0.00365316934288987,0.174000237031335,0.246964285725115,0.000902202357399684
-0.0122781223987417,0.0124183860483587,-0.0120356689336337,0.258229155738205,0.00320678934489877
0.128429022345399,0.0354611597757407,0.128802901267166,-0.0287768041009336,-0.0010204588480584
0.0929158046200799,0.0158578350839526,0.101831354737706,0.232658158515426,0.00368945470867374
0.35682081634696,0.0049135045314392,0.3581102166059,0.207449373838256,0.0010193034383985
0.203601678660716,0.0396129220650504,0.204031550552044,0.110935051511562,0.00439446154980985
0.178476986495008,0.0114755248620316,0.184402563855394,0.337810804758043,0.00387655628866383
0.0828579279188603,0.0285893929576646,0.0904447430499273,0.31747665492442,0.00907646484251911
0.182759216716787,0.0482362960055144,0.184820354808067,-0.0838427695730384,-0.00404426465104721
0.0671925101687835,0.0297769764980328,0.0662979414491272,0.176781197212513,0.00526400955469111
0.190585120721267,0.0228843633193002,0.190181156578397,-0.0243900304842069,-0.000558150318969399
0.153889009631219,0.00832472455173775,0.145569629660022,0.261859232563469,0.00217990598242032
0.0838392283880113,0.0215092643861989,0.0836786913031005,0.0286308275627221,0.00061582803964226
0.217586051061429,0.00666672887276915,0.223528254860577,0.170784964365147,0.00113857705296798
0.105146293912181,0.0189405909533626,0.106245024559102,0.145643838695078,0.002758580373601
0.156022718572748,0.00186426802794221,0.157733511342414,0.0904207571340804,0.000168568526587394
0.0467387671926941,0.0290194408834356,0.0423467435567333,0.298934468532432,0.00867491113759815
0.290970000236317,0.00637280178036498,0.291238868484784,0.0355584756070417,0.00022660711665562
0.00966147868939974,0.0115732677667263,0.0117056643031769,0.171336890686042,0.00198292771422788
0.389520971609067,-0.00599032857155048,0.393048813308633,0.223969741036438,-0.00134165233889334
0.326177913100902,0.0111534325296974,0.331532342454473,0.115898565107593,0.00129266682621628
0.12432314532087,0.0259016353422645,0.122754804736747,0.116209966676252,0.00301002817998499
0.17420446773912,0.0194224701455391,0.178613043324092,0.246470935654554,0.00478707438949365
0.254229203660797,0.00825843437603072,0.255827232033356,0.0963301393100269,0.000795536133925754
0.0881008293685726,0.0280317188398333,0.0882653640501636,0.0830804111997353,0.00232888672784872
0.36291666149538,0.0520097429794678,0.36415086129612,-0.129462768248677,-0.00673332530202408
0.226993684239798,0.00878616763918165,0.232312744492509,0.271775724670945,0.002387867077219
0.21598221285565,0.00765033310431395,0.220044883340006,0.244022315770032,0.00186685200052683
0.335812465573324,0.0087694852531445,0.339504407848049,0.170094329953968,0.00149163971817482
0.0392045879290961,0.0200447562301212,0.0401968578190366,0.147252888149998,0.00295164824714802
0.12747866885458,0.0168038635495341,0.128377579843233,0.0229022049060932,0.000384845526225461
0.037316554622856,0.0108256084131169,0.0385481946299476,0.086969869984965,0.000941501756196918
0.257863191440684,0.0196768688752798,0.257953762985409,0.104681782251738,0.00205980970299804
0.0974226533050863,0.0174876206642278,0.0981300513883515,0.0884846730890432,0.00154738639757939
0.248693132663074,0.0131374924166339,0.253699836756386,0.164638545031008,0.00216293763683051
0.0599628582158924,0.0132810078896697,0.0597808797312878,0.0116481913446741,0.000154699721148999
0.244048764183087,0.0209886076855428,0.244238721714183,-0.015007415031763,-0.000314984746475792
0.269805369945128,0.0280050132621349,0.275990849026538,0.270644447141189,0.00757940133151216
0.148652489197054,-0.00162199264486431,0.153682978011056,0.10424602361808,-0.000169086283564877
0.15055554416179,0.00931628219352945,0.150062109612178,-0.0164116051396981,-0.000152895144730206
0.177910866489542,0.00140138463000686,0.179557104501563,0.0485203957524219,6.7995736849294e-05
0.269122080801589,0.00689143238267374,0.274110550654451,0.101219556411459,0.0006975477288138
0.0753555234981325,0.032228535768268,0.0700236474634059,0.232882930472187,0.00750547585454196
0.29497655558148,0.0247491868708347,0.294156560392005,0.129212202467204,0.00319789694485296
0.24042052356723,0.0281088956526509,0.236468231593215,0.126743313526865,0.00356261457459788
0.325893737909908,0.00988056046173366,0.324998955107391,0.211673878277564,0.00209145655249112
0.0715969146585533,0.01872691396907,0.0768331597856017,0.14655850344909,0.00274458848552676
0.233785253530412,0.0683001575398685,0.231913788377587,0.197896541065662,0.0135163649313798
0.157988732170604,0.0569986290233776,0.154805224385578,0.163784752520718,0.00933550634861413
0.204809151694635,0.021701446893706,0.207326268819711,0.10996754015555,0.00238645473271714
0.19821553863932,0.0257833999408198,0.198861549082699,0.328095790824775,0.00845942499373472
0.395567082494245,0.00207659859750713,0.399707049188185,0.0943172545067097,0.000195859078429356
0.172295707935339,0.0124228176448395,0.176223702377225,0.183790655829287,0.00228319780219269
0.220830312421506,0.00367231100426029,0.220384907934446,-0.0651402709755495,-0.000239215333924008
0.159915250804565,0.0404236848803333,0.157011143627531,0.20275801605848,0.00819622614810956
0.0477465202538761,-0.000241499580359444,0.0535133586623095,0.268440731849777,-6.48283240931033e-05
0.0638707686403222,0.000512635736664471,0.0678114288108476,0.0650724357221812,3.33584560229918e-05
0.409845558431563,0.0268012780900136,0.412208442753649,0.144675690299448,0.00387749340858018
0.112585564429641,0.0152591548437658,0.118171301748104,0.156572597654752,0.0023891655119045
0.136313427683164,0.0138259726792789,0.136506633362372,0.093549074828228,0.0012934069527469
0.113047027153394,0.0134753011479311,0.113639735863002,0.105538068794523,0.00142215725957727
0.282065018659086,0.0284337388137348,0.285098812848772,0.17206203133226,0.00489236685866213
0.260515887752268,0.0264684821660529,0.264507815116631,0.244368849664561,0.0064680725392853
0.267707873126245,0.0109697616017879,0.267825757671647,0.378676642663281,0.00415399249418162
0.093944762484385,0.0156868554271243,0.0937399613794432,0.00996987273144817,0.000156395952165056
0.246973034896094,0.0213141398084616,0.245811538365348,0.198342504642681,0.00422749987391455
0.0615198191041329,0.0143370771357727,0.0668250563521205,0.185098677740979,0.00265377402050195
-0.0167954765620503,0.0387491677685309,-0.0167717394275373,-0.00905262780209869,-0.000350781793449589
0.28720444545657,0.004040798599068,0.300883428626264,0.391737609324717,0.00158293278296156
0.208021547479872,0.0219254871787925,0.210855553248862,0.250116897327953,0.00548393482556339
0.0718039436136983,0.0337936869627497,0.0723950094294952,0.188492523289599,0.00636985732686753
0.073416900394421,0.0396629880757068,0.0775168357096076,0.273816103068173,0.0108603648309294
0.0891372632849148,0.0117779048495052,0.089332658892625,0.0140172131450851,0.000165093402678046
0.0894297880543912,0.0224375486581867,0.0877208196237739,0.168431140190593,0.00377918190358029
0.0533762505151986,0.0315714106376097,0.0534702708835569,-0.0502157494921596,-0.00158538204769231
0.260258006023887,-0.0179967349050015,0.260002876723847,-0.0104441423159124,0.000187960460569583
0.190470310861744,0.0272626219637725,0.197020825524565,0.189766971362596,0.0051735452014685
0.27200976230612,-0.0230888913214138,0.274494381962153,0.0570705971085967,-0.00131769681428858
0.290147246516911,0.0155354641148119,0.291329654157816,0.194548738934544,0.00302240495229952
0.266256866334793,0.0445808556800928,0.265913238449355,-0.0458580061346217,-0.00204438915326438
0.280927861220663,0.00557768193635354,0.283689494300159,0.0813781760137459,0.000453901582365269
0.127434916399749,0.033175141766077,0.127451751942828,-0.00134133891374061,-4.44991086197004e-05
0.194227826689113,0.0181593119681884,0.198245699088182,0.0932119795582969,0.00169266541597151
0.157084588167314,0.00555121294536407,0.158448478934694,0.0227921936575213,0.000126524320484877
0.37600588804679,0.0362780137635526,0.373431293767269,0.136447874025833,0.00495005785191667
0.301481815551755,0.0184839923472743,0.317459217047564,0.337774891339963,0.00624342850662928
0.313631286731531,0.0159587214377202,0.315286399460887,0.166982055024687,0.00266482010123705
0.236488678712929,0.0240001302210441,0.237534814918234,0.0776007336131084,0.00186242771196316
0.232216520361276,0.0132185305150764,0.233777536572542,0.0625567334940021,0.000826908090613966
0.104605936059387,0.0133574753896056,0.101184221910282,0.237646488553767,0.00317435712228314
0.120885611831889,-0.00786286514625843,0.122437759953196,0.0559108192009217,-0.000439619231593684
0.345797530798031,0.011378773549136,0.34769757182623,0.118536831530606,0.00134880376321885
0.188098096703851,0.00698550433861214,0.194239237082931,0.152410110373724,0.001064661487264
0.177199097719205,0.0215954477126871,0.178101511503632,0.055365766344484,0.00119564851216516
0.218978728962907,0.0227954326738286,0.221842833265308,0.21715319430821,0.00495010102075962
-0.0699542135612521,0.0322325017156696,-0.0681241633932961,0.11792941720902,0.00380116014251765
0.0780892118191261,0.0313961358155433,0.0775985881779128,0.390279884568429,0.012253280261985
0.0390242381005089,0.0220472927766812,0.0430936125943919,0.142978449867159,0.00315228774497728
0.113185178552336,0.00938740972630087,0.111319704973333,-0.0370699252358955,-0.000347990576712691
0.0369671580285271,0.0242001409091564,0.0370186371646074,0.128057630273591,0.00309901269711356
0.0827753531332317,-0.00279531507592983,0.0836213332498772,0.0287577994342812,-8.03871103092126e-05
0.193630976149504,0.0317042180929361,0.19315365192261,0.19307319258258,0.00612123460553757
0.234278056699733,-0.0037692185155062,0.242871521742379,0.239568239682002,-0.00090298504473663
0.212625233683731,0.00855632161565612,0.215969166257794,0.195396975424728,0.00167187936446043
0.112101460367119,0.0317749589446173,0.111574358827099,0.113485358634031,0.0036059926114115
0.293324274424614,0.0592660647041552,0.281362860818848,0.218795605654857,0.0129671545217256
0.386407037921318,0.00565947600898964,0.39269181697624,0.313939069474524,0.0017767306319756
0.227110260587541,0.00815507494529342,0.227720029503887,0.103288457586738,0.000842325112603606
-0.0124583099628763,0.0202816017984828,-0.0110668770255224,0.18134065879645,0.00367787903158413
0.138644514203718,0.00634783285432378,0.139894229560553,0.344199131221599,0.00218491855359817
0.0751969839950412,0.01142113980259,0.0766843885000126,0.17770338853257,0.00202957524382445
0.224275772719139,0.00660421047578463,0.230427517495381,0.218663113069296,0.00144409722199992
0.244699316367989,0.0159200683590518,0.246393442410929,0.110031370393337,0.00175170693830206
0.155574976711042,0.0224426278732378,0.157597425726948,0.123867330944138,0.00277990841403048
0.249162808211012,-0.000377241833309336,0.254448143670097,0.224471950673448,-8.46802101985743e-05
0.0648549643467632,0.0213234294332555,0.0647941277969194,0.220002590029677,0.00469120970363125
0.305470621127501,0.0537053468942522,0.300623456238419,0.1871070153851,0.010048647167605
0.216863050037871,-0.00580662919187092,0.233293274705701,0.281843791342133,-0.0016365623863548
0.324136509642675,-0.00634104567867081,0.336248295781484,0.203412969133794,-0.00128985092891144
0.279099245457203,0.0195727305201961,0.287386719469924,0.224387517552056,0.00439187641314217
0.15545486395218,0.0294346329021247,0.155595533381851,0.0793764121317305,0.00233641555218525
0.189968457637503,0.00313268779946019,0.196779746326692,0.196124804537179,0.000614397782345134
0.206554908837852,0.0249286126879755,0.213046329721614,0.283295817355947,0.00706217170698985
0.140492097195604,0.0353334240322176,0.138968725470862,0.154432359384029,0.0054566240384117
0.10787426473842,0.00345949243086877,0.112283893319455,0.189482969128721,0.000655514897479351
0.179346391130842,-0.00368431597146517,0.180740763688058,0.0508602641430395,-0.000187385283495138
0.234289626069272,0.0244716967388925,0.234238268592886,-0.00843571369014622,-0.000206436227201382
0.372158954773622,0.0287366850530866,0.377555254255882,0.263207799787817,0.00756371964601837
0.0760095508622623,0.031223914546262,0.0773969352615476,0.117758785380772,0.00367689025180082
0.200693777080709,0.00951737106240933,0.204538620478221,0.103859345231805,0.000988467926869964
0.368221953562248,-0.00480284620615077,0.371084550461265,0.139327261312949,-0.000669167408410272
0.0744789857582579,0.0209705257061148,0.0734845320703826,-0.0870204973427767,-0.0018248655764856
0.173455236460301,0.0253070138789376,0.176955581184058,0.203146501137549,0.00514103132374557
0.321871248789019,0.017493260129056,0.321872970668764,0.000260819533497618,4.56258394621286e-06
-0.0173085351374999,-0.00034432485269674,-0.0162600093287203,0.0236911166787761,-8.15744026064086e-06
0.21251475070527,0.0190827222826725,0.210809731114568,0.0668116071366095,0.00127494734424694
0.17527027728025,0.0438932978324468,0.167285977246171,0.284411838811927,0.0124837735480458
0.165656976470239,0.0291228968179861,0.163656495185448,0.343692077220423,0.0100093089020497
0.0254913477190424,0.0189673432825435,0.0263542831793722,0.0751718933660035,0.00142581110667174
0.32749517868008,0.0326881427559223,0.326487018168998,0.127520718289235,0.00416841544377627
0.193919138140463,0.00229312046357958,0.192701494665666,-0.0586551869922216,-0.00013450340958695
0.17820260660426,0.0376598333790716,0.178404186590617,0.287520779453196,0.0108279846472281
0.170982092862453,0.00932279366741425,0.176924385282329,0.200420332023292,0.0018684774022078
0.0715374922562754,0.0519704231702619,0.0702951271513708,0.122689213539148,0.00637621034605617
0.171446162652527,0.0276677799598443,0.171469504571472,0.0062723742222116,0.00017354266980595
0.192589886880948,0.00122657420169366,0.192576528582878,-0.000309073379996316,-3.79101434333743e-07
-0.000440419260439712,0.024682892182572,0.000431622395257379,0.198584287297876,0.00490163455252639
0.278969513660959,0.0260732581517078,0.280477391076829,0.178023913293443,0.00464166344847718
0.344614168504071,0.0211933755875338,0.345355407846232,0.0419846999297352,0.00088979751454078
-0.0391341633136315,0.0161001925115703,-0.0397575819639184,-0.0503344761553479,-0.000810394756070146
0.148528540000793,0.00379664248402404,0.151527862374256,0.168020232259605,0.000637912751972402
0.259314179416476,0.0154745489316488,0.251825188505998,0.340777038062315,0.00527337095027763
0.0407863717133427,0.0550311516432471,0.0360075020269644,0.204161765469111,0.0112352570752837
0.229445376532543,0.00597717770851315,0.234733671735872,0.0973015569472211,0.000581588697188553
0.525747240679953,0.00228160141685619,0.530330500636089,0.350399101964381,0.000799471087507069
0.350427721531238,0.0306275477117644,0.348824018023319,0.272559964141005,0.00834784330604542
0.343207181651927,0.00511009249796507,0.345246901733094,0.0424538765103648,0.00021694323586515
0.214746405509334,-0.0102346220108908,0.218445113167751,0.089426236969841,-0.000915243733242671
0.300442066588633,0.0126779737453546,0.302272022399355,0.0701341827440516,0.000889159327480988
0.0270791195779531,0.0150516309054595,0.0242569418272105,0.194307213999091,0.00292464046738245
0.237810210838426,0.0148495825823783,0.239178436613587,0.188971803528253,0.00280615240223375
0.146121306319921,-0.00799911585343332,0.15656387626896,0.204364876829565,-0.00163473832613232
0.195566000597089,0.0146175894930361,0.197582056743002,0.299506743138235,0.00437806662159093
0.287276773524511,-0.00286510543019667,0.299490906461406,0.269093861257142,-0.000770982283120426
0.345510709624035,0.0337604482523179,0.345085950008338,0.0801406833359559,0.00270558539266894
0.171411973131875,0.00123997190899472,0.175465129181833,0.0768884378721244,9.53395030879197e-05
0.143306651119319,0.0107656968643557,0.1567092161468,0.208495690645661,0.00224460140301568
0.361109868775767,0.000852184511905255,0.364719458892207,0.223225202542478,0.000190229060273613
0.211830001611861,0.0210923848875717,0.209427452002067,0.278224974638667,0.00586842825041363
0.155433386248122,-0.00239026803827275,0.154001450446966,0.22857938844108,-0.000546366006398645
0.174601253319274,0.0203938654954281,0.178560975505169,0.142483893082367,0.00290579735078675
0.304403221286908,0.034868587430012,0.293904278050666,0.289716094379814,0.0101019909667641
0.385071443980658,0.0128686247996112,0.385202000082444,0.372384319782401,0.00479207409253815
0.136362289335224,0.0418283775671902,0.13603384518558,0.0520951891995979,0.00217905724327499
0.290620981438115,0.0447345401031242,0.289507259583592,0.097185934984056,0.00434756810600387
0.163672195017326,0.0182599220998813,0.165645204625712,0.137864536515569,0.00251739569711053
0.119837014121101,0.00550930122029118,0.124415427404251,0.1504663453655,0.000828964420134903
0.0252936149234099,0.0185616028446154,0.0260065521152158,0.0958280408010025,0.00177872203472581
0.14572881262548,0.0137390474405693,0.155921414869844,0.451310550375286,0.00620057706203551
0.0897098056029383,0.019064275485769,0.0899536877749689,0.152344637759388,0.00290434014302466
0.193372636544914,0.0162780215949817,0.193632522745051,0.162057346619681,0.0026379729879006
0.315348684057516,0.0127208163496014,0.317775623203477,0.108962407668484,0.00138609077696118
0.210608935259353,-0.00526219986726184,0.223309544738303,0.243033108594336,-0.00127888879178535
0.188975225219634,0.0329191692811561,0.190033855180472,0.0536111848484559,0.00176483566938967
0.268790194973039,0.0359008653843042,0.252848520719741,0.355994344953605,0.0127805050557529
0.021630020709219,0.030888969458538,0.0242705361490274,0.16052967407415,0.00495859619966548
0.148669894018968,0.0108856212832723,0.148090221131195,0.146757813152986,0.00159754997434464
0.272465420181387,0.0126102999601492,0.277208213424286,0.121417149753487,0.00153110667869783
0.0208841081697594,0.0351989429203776,0.0192067987084012,0.217616698377787,0.00765987774472075
0.179849778031015,-0.00882076754723655,0.191453996641819,0.261220759853516,-0.00230416760118037
0.334356209644973,0.0449399663819917,0.33844936713861,0.0969726164392571,0.00435794612275399
0.153710943957163,0.0246960076471631,0.157478265862098,0.223578282619931,0.0055214909773214
0.040322174440938,0.0174115799672023,0.0412103558852932,0.216402894061625,0.00376791629508799
0.314536012150095,0.035043927110901,0.309795028155278,0.126219838083316,0.00442323880574145
0.000725646815010021,0.0215847996794326,5.3134143898091e-05,0.0307623504091424,0.00066399917124985
0.516130654410983,0.0372577543604861,0.512089285822083,0.342174801310994,0.0127486646955932
0.190825764611109,0.00248455336456319,0.192290908520523,0.0549545420858955,0.000136537492437541
0.204898014967306,0.0574489541363901,0.192369923726777,0.246451797207324,0.0141583979945945
0.135635021547942,0.0373813059650085,0.119911236400215,0.384586745831304,0.0143763548160069
0.15849809257793,0.0295036255705955,0.161102945231419,0.131093282256217,0.00386772711450782
0.34190614716141,0.0336434914686158,0.34005526359231,0.0816543986579084,0.00274713906462229
-0.00270838683422594,0.0146263240146358,0.000407805571914265,0.281843839942535,0.00412233932452868
0.265693548135114,0.0274952567992992,0.267598830152087,0.286873661812221,0.00788766500048232
0.149556765850439,-0.00686025615544389,0.150328214234201,0.0203827465438957,-0.000139830862442613
0.194351144256905,0.0190797109623036,0.192971732176778,-0.0434586553738308,-0.000829178583343052
0.240780739342712,0.032434885782777,0.240749994448655,0.0769034956705168,0.0024943560983695
-0.0108777868871651,0.00906659907127203,-0.0071862857735446,0.100814640040117,0.000914045921758347
0.28902306398947,-0.00647247537959536,0.294835188646106,0.162883534471726,-0.00105425966660972
0.183371794691618,0.0027381720649892,0.18885336925988,0.23390074731386,0.000640460492274908
0.0134787842118558,0.045344551470818,0.0140175776380336,0.0953509398552415,0.00432364560005687
0.148198826310351,-0.00130010660949699,0.151543129053404,0.240388397308298,-0.000312530544186907
0.148251858854709,0.0514997189565778,0.141013005498503,0.387258152539103,0.0199436860194073
0.252756497881302,0.0021552098945799,0.255488591907517,0.106736030846191,0.000230038549787895
0.169359887659138,0.005430967921024,0.172484007342055,0.154902153201328,0.000841268624933955
0.205266651081686,0.00205016973881618,0.212665770993991,0.161893200498913,0.000331908540582972
0.173175411611772,0.0196597318120342,0.173614769999032,0.101374712388057,0.00199299965807131
0.228247734616295,0.0263099758507614,0.230306420084091,0.240799946375679,0.00633544077400876
0.0163140500485355,-1.08867983318868e-06,0.0163065926373372,-0.000380656572832594,4.14413134213564e-10
0.287167592331688,0.00395797468862073,0.292744376675154,0.291827429987086,0.00115504558133412
0.117210230952678,0.00707574574094523,0.123015024423992,0.139330048468102,0.000985863997033862
0.169679591549627,0.03976942352661,0.171825525178158,0.151231626223946,0.00601439459391811
0.426935668620113,0.0116765383040966,0.435007222887858,0.230489991834718,0.002691325218369
0.140472656064768,0.0373669873901973,0.135720689166708,0.310546377805422,0.0116041825835266
0.10957436887145,0.0453518448562937,0.099723085792432,0.301228984453126,0.0136612901691371
0.31733651905047,0.0312856852944214,0.316735939689643,0.1829185418541,0.00572273193496182
0.215515391304558,0.0224342212588217,0.215938511007439,0.10005930412758,0.00224475256780187
0.223652521992579,0.00478281476049856,0.230532467946877,0.170165987164275,0.000813872395144102
-0.0222063875618462,0.0264252301099031,-0.0248659238933405,0.183695413984943,0.00485419358468604
0.0453838378215432,0.0281274201729505,0.0412917453558889,0.184267241802848,0.00518296213429939
0.031502653765255,0.00480255512531183,0.0331410674620106,0.050026654732969,0.000240255767090025
0.0389508055305734,-0.0345981925560267,0.0479938295291192,0.13611777668258,-0.00470942904796214
0.158873700843861,-0.0168570416804745,0.166844914257926,0.115075571340664,-0.00193983370249398
0.393327484169228,-0.00122163218382625,0.409924485422358,0.380537409377912,-0.000464876746445923
0.177948341129744,0.0277906339184544,0.181329535965647,0.282579600385103,0.00785306622712553
0.318478161747774,-0.0133703185120428,0.325147363912099,0.137432712064955,-0.00183751913428231
0.191524488285958,0.0276904155380999,0.190589085065341,0.252086766038183,0.00698038730325308
0.10644383744509,0.00774521056029074,0.109309082044485,0.152363905341707,0.00118009052865973
0.187133033162846,0.032903342627407,0.189869033254777,0.0766458953621025,0.00252190615608365
0.138236732788253,0.0135418308616184,0.141228354145372,0.28193092965546,0.00381786096405308
0.24518141592659,0.0109188642117067,0.244728860393328,-0.0208783107088056,-0.000227967439599271
0.0556421065637748,0.0436369581288387,0.0470420410988094,0.275345294412363,0.0120152310832451
0.181961733849389,-0.0108936456429468,0.190128162549158,0.129276938828284,-0.00140829716140023
0.262303585003312,0.0313337562680519,0.258058417082642,0.143317197751288,0.00449066614335905
0.0751037931367959,0.00841464411156456,0.0752005535946461,0.0084501575693173,7.11050686324485e-05
0.178131197129939,-0.0301938040966332,0.190316704203094,0.144863972498136,-0.00437399440626879
0.316059265842179,0.011988951044372,0.321094775116235,0.278338359975589,0.00333698497151812
0.287646662317938,0.0336000496774443,0.285564504522058,0.33788522472895,0.0113529603361672
0.302453073047084,0.0371617660753869,0.296481068612814,0.257918676522538,0.00958471352340395
0.0350827981871,0.0168539909032211,0.0403192113456453,0.177974283323652,0.00299957695214412
0.0903543023708429,0.0374341861802255,0.0884079229263157,0.179862315140558,0.00673299939177804
0.149570330504338,0.0162628060963116,0.147476914809341,0.189846630727372,0.00308743894355732
0.0435136064919187,0.0127302210164988,0.0476943551060114,0.255032127414978,0.00324661534830054
0.108765398749229,0.012484251123129,0.115108391343287,0.174857804562628,0.00218296874299886
